Top consultas,Cliques,Impressões,CTR,Posição
casas lsf chave na mão preço,109,1347,8.09%,3.97
casas lsf preços t3,65,1542,4.22%,7.75
casas lsf,44,1217,3.62%,5.4
pavilhões pré-fabricados preço,43,320,13.44%,2.12
armazém pré-fabricado preço,42,280,15%,3.25
icf preço m2,39,1824,2.14%,4.64
casas lsf preço m2,38,1592,2.39%,7.26
quanto custa um telhado de 100m2 portugal,37,1075,3.44%,1.93
casas aço leve preços chave na mão,36,777,4.63%,5.27
lsf preço m2,30,1175,2.55%,7.88
lsf problemas,30,168,17.86%,1.27
melhores empresas lsf portugal,27,700,3.86%,7.48
pavilhão pré-fabricado preço,27,141,19.15%,2.6
obrasnet,26,213,12.21%,4.8
casas em aço leve preço m2,24,750,3.2%,6.14
pavilhão modular preços,23,135,17.04%,3.64
casas modulares t3 chave na mão,22,525,4.19%,1.61
obras net,22,106,20.75%,3.76
casas lsf chave na mão,20,438,4.57%,2.5
pavilhões pré-fabricados usados,20,154,12.99%,4.01
lsf preço m2 2025,20,101,19.8%,3
casas modulares t3 preço chave na mão,19,553,3.44%,5.28
casas lsf desvantagens,19,381,4.99%,3.92
garagens pré-fabricadas metálicas,19,183,10.38%,1.56
icf construção portugal preço chave na mão,18,170,10.59%,3.75
preço m2 estrutura metálica para telhado,17,506,3.36%,6.5
preço m2 construção pavilhão industrial,17,326,5.21%,4.63
moradia em banda significado,17,277,6.14%,1.86
cobertura zinco preço m2,16,338,4.73%,8.24
pavilhão pré fabricado preço,16,52,30.77%,2.56
construção lsf chave na mão,15,277,5.42%,2.37
casas em lsf desvantagens,15,230,6.52%,2.71
construção em lsf preço,15,139,10.79%,6.79
pavilhao pré fabricado,15,125,12%,4.03
casas lsf preços t4,15,110,13.64%,4.85
casas móveis isentas de licenciamento,14,880,1.59%,2.79
casas modulares até 50.000 euros,14,727,1.93%,2.45
telhado zinco preço m2 portugal,14,395,3.54%,5.55
casas lsf preços t2,14,240,5.83%,4.56
casas modulares lsf preços,14,91,15.38%,5.41
sim,14,88,15.91%,4.27
casas modulares preços t3,13,812,1.6%,4.59
construção icf preço m2,13,381,3.41%,3.71
kit garagem pré-fabricada,13,263,4.94%,2.39
o que é moradia em banda,13,212,6.13%,1.9
casas modulares até 50.000 euros em portugal,12,807,1.49%,1.68
casas pré-fabricadas portugal preços chave na mão,12,541,2.22%,12.47
casas modulares t4 chave na mão,12,194,6.19%,1.61
pavimento pavê preço por m2,11,889,1.24%,6.97
construção aço leve preço m2,11,715,1.54%,8.89
preço tecto falso pladur m2,11,604,1.82%,5.17
armazem pré fabricado,11,295,3.73%,8.85
casa lsf preço,11,205,5.37%,10.87
armazem pré fabricado preço,11,176,6.25%,3.62
garagem modular,11,117,9.4%,4.74
moradia em banda ou geminada,11,101,10.89%,1.83
quanto custa um telhado de 100m2,10,661,1.51%,3.5
casas pré-fabricadas de betão chave mão preço,10,654,1.53%,6.57
icf construção portugal preço,10,403,2.48%,1.97
estrutura metálica preço m2 portugal,10,341,2.93%,7.19
quanto custa construir um prédio de 2 andares com 4 apartamentos,10,322,3.11%,5.35
casas lsf preço m2 portugal,10,240,4.17%,6.01
casas modulares t3 térreas,9,292,3.08%,1.99
casa lsf,9,265,3.4%,7.28
casas amovíveis com rodas legislação,9,199,4.52%,2.33
simulador orçamento construção moradia,8,481,1.66%,4.14
preço telhado m2 portugal,8,291,2.75%,4.21
construir anexo quintal,8,241,3.32%,2.77
como fazer um anexo barato,8,204,3.92%,4.39
casa lsf chave na mão,8,191,4.19%,2.54
preço m2 estrutura metálica para telhado portugal,8,147,5.44%,4.52
casas icf preço m2,8,109,7.34%,2.15
lsf casas modulares,8,107,7.48%,5.22
casas icf preço,8,69,11.59%,3.54
pavilhões metálicos preços,8,58,13.79%,5.03
garagem em lsf,8,54,14.81%,3.37
empresas de montagem de telhados sandwich,7,964,0.73%,7.87
casas em lsf,7,525,1.33%,4.82
preço pladur m2 instalado e pintado,7,495,1.41%,3.77
preço pladur m2 instalado 2025,7,339,2.06%,8.58
casas em lsf preços,7,281,2.49%,8.08
icf preço m2 portugal,7,177,3.95%,1.41
preço m2 substituir telhado,7,145,4.83%,2.35
telhado aço leve preço,7,133,5.26%,8.59
garagens pré-fabricadas portugal preços,7,125,5.6%,6.86
o que é uma moradia em banda,7,118,5.93%,1.92
construção lsf preço,7,105,6.67%,7.3
telhado aço leve preço m2,7,85,8.24%,2.95
moradia geminada ou em banda,7,79,8.86%,1.78
garagem lsf,7,35,20%,3.49
simulador lsf,7,32,21.88%,4.03
preço pladur m2 mão de obra,6,1011,0.59%,6.91
quanto custa pintar um apartamento de 100m2,6,970,0.62%,3.93
preço m2 telhado mão de obra,6,825,0.73%,3.31
preço pladur m2 instalado,6,753,0.8%,7.33
preço m2 pladur com isolamento,6,569,1.05%,8.98
casas em aço leve preços,6,355,1.69%,6.57
lsf casas,6,281,2.14%,5.32
casas modulares betão chave na mão,6,261,2.3%,6.29
teto falso em pvc,6,233,2.58%,2.72
casas lsf portugal,6,94,6.38%,3.13
garagem prefabricada,6,37,16.22%,9.05
telhado steel frame preço m2,6,31,19.35%,5.06
pavilhão pré-fabricado,6,19,31.58%,2.95
orçamento de telhado por m2,5,213,2.35%,4.85
casas lsf preços,5,181,2.76%,9.09
que tipo de telhado fica mais barato em portugal,5,174,2.87%,5.3
quanto custa um telhado de 100m2 em portugal,5,164,3.05%,2.76
armazém agrícola pré-fabricado,5,136,3.68%,3.68
casas modulares t4,5,101,4.95%,1.68
casas modulares preços t4,5,97,5.15%,8.7
telhado lsf,5,93,5.38%,7.14
custo m2 pavilhão industrial,5,85,5.88%,5.68
casas em lsf em portugal preço,5,84,5.95%,3.54
telhados em zinco preços,5,77,6.49%,8.52
estrutura metálica para telhados preço,5,74,6.76%,9.2
lsf chave na mão,5,56,8.93%,3.05
casas modulares chave na mao,5,42,11.9%,29.12
lsf chave na mao,5,31,16.13%,6.84
preço m2 construção armazém,5,28,17.86%,5.82
preço m2 assentamento de bloco,4,292,1.37%,8.4
garagem pré fabricada,4,292,1.37%,25.44
preço m2 telhado telha lusa,4,192,2.08%,8.42
steel casa,4,164,2.44%,8.46
substituir telhado preço,4,132,3.03%,3.95
aplicação de pladur preço m2,4,122,3.28%,9.47
casas modulares t2 chave na mão,4,119,3.36%,4.71
estrutura para telhado em aço galvanizado preço,4,117,3.42%,9.24
casas lsf opiniões,4,100,4%,6.95
preco telhado por m2,4,82,4.88%,3.54
pladur teto preço,4,71,5.63%,4.65
casas modulares t4 chave na mão preço,4,61,6.56%,8.15
demolição de casas antigas,4,59,6.78%,4.73
construção icf preço,4,56,7.14%,3.46
pavilhoes prefabricados,4,44,9.09%,5.34
casas modulares betão preços portugal,4,37,10.81%,13.16
casas lsf preço,4,34,11.76%,6.62
casas pré-fabricadas em betão portugal preços,4,33,12.12%,6.7
pavilhões pré fabricados,4,27,14.81%,2.26
pavilhões pré fabricados preço,4,26,15.38%,3.46
casas pré fabricadas betão,4,14,28.57%,28.07
teto falso preço m2,3,263,1.14%,8.51
casas modulares 100 financiamento,3,250,1.2%,8.1
mudar telhado preço m2,3,223,1.35%,2.16
quanto custa para fazer um telhado de 100m2,3,180,1.67%,2.85
tectos falsos em pvc,3,150,2%,1.77
preço de telhado por m2 em portugal,3,147,2.04%,3.1
teto falso em pladur preço,3,143,2.1%,6.57
casas isopor em portugal,3,138,2.17%,1.17
construção lsf preço m2,3,138,2.17%,6.49
casas contentores chave na mão,3,138,2.17%,23.97
preço telhado m2,3,126,2.38%,14.86
construção em aço leve vantagens e desvantagens,3,123,2.44%,5.41
casas pré-fabricadas com tudo incluído portugal preço,3,113,2.65%,23.21
casas madeira preço chave na mão,3,108,2.78%,47.32
plastbau,3,95,3.16%,8.45
licenciamento de casas amovíveis,3,94,3.19%,3.23
garagem pre fabricada,3,89,3.37%,3.38
casas em painel sandwich preços,3,76,3.95%,12.82
garagens modulares,3,72,4.17%,2.32
lsf house,3,70,4.29%,5.23
casas modulares chave na mão,3,70,4.29%,10.03
telha preço m2,3,70,4.29%,10.49
preço m2 construção armazéns,3,67,4.48%,4.52
tectos falsos preços m2,3,62,4.84%,7.56
mão de obra construção civil tabela portugal,3,61,4.92%,2.38
casas em lsf portugal,3,57,5.26%,6.82
icf vs lsf,3,54,5.56%,2.8
telhado em lsf,3,53,5.66%,2.53
pré fabricado preço estrutura pavilhão usada,3,47,6.38%,5.49
armazéns metálicos preços,3,38,7.89%,5.03
casas lts,3,35,8.57%,7.43
preço estrutura metalica para telhado,3,30,10%,6.73
casa lsf portugal,3,23,13.04%,3.91
blocos icf preço,3,19,15.79%,10.42
garagem pré fabricada portugal,3,15,20%,5.07
pladur preço,2,2175,0.09%,9.69
quanto custa pintar uma casa de 100m2,2,550,0.36%,5.63
casas que não precisam de licença portugal,2,411,0.49%,10.11
preço de demolição por m2,2,214,0.93%,6.18
teto falso pladur preço,2,162,1.23%,5.52
como colocar teto falso em pvc,2,160,1.25%,2.38
pavilhão pré fabricado,2,155,1.29%,5.03
cabanas de madeira baratas,2,148,1.35%,6.52
pavilhões pré-fabricados,2,137,1.46%,6.93
barramento pladur preço m2,2,133,1.5%,5.05
painel sandwich preço m2,2,124,1.61%,2.12
armazens prefabricados,2,123,1.63%,6.16
casas modulares lsf,2,123,1.63%,14.14
casas pré-fabricadas betão preços,2,122,1.64%,4.66
tetos falsos em pvc,2,118,1.69%,17.31
preço teto falso m2,2,117,1.71%,7.97
orçamento telhado sandwich,2,101,1.98%,2.42
casas em estrutura metálica portugal,2,100,2%,2.8
casas de isopor preço m2,2,95,2.11%,3.94
casas modulares preço chave na mão,2,91,2.2%,15.41
orçamento telhado,2,88,2.27%,6.69
tecto falso pladur preço m2,2,87,2.3%,6.59
preço assentamento de pavê,2,82,2.44%,7.39
garagem modular preços,2,80,2.5%,3.02
quanto custa substituir um telhado,2,80,2.5%,3.77
light steel framing portugal preço,2,79,2.53%,6.61
quanto custa pintar um t3,2,77,2.6%,2.17
casa em lsf preço,2,76,2.63%,7.97
estrutura metálica para telhado preço m2,2,75,2.67%,5.47
construir moradia por 100 mil euros,2,74,2.7%,5.84
lsf build - construção em aço leve críticas,2,67,2.99%,5.37
casa lsf preço m2,2,64,3.12%,6.28
preço m2 teto falso,2,63,3.17%,8.17
steel casa opiniões,2,60,3.33%,9.52
quanto custa colocar um telhado novo,2,59,3.39%,3.36
casas modulares preços t2,2,57,3.51%,11.3
moradia em banda portugal significado,2,53,3.77%,1.79
icf plastbau portugal,2,50,4%,6.08
casas pré fabricadas t4,2,49,4.08%,5.86
casas lfs,2,49,4.08%,6.1
preço m2 telhado,2,47,4.26%,10.47
casas modulares em aço leve preços,2,43,4.65%,6.4
casas modulares em betão preços,2,40,5%,6.92
cabanas de madeira preço,2,38,5.26%,4.05
lsf construção preço,2,38,5.26%,7.71
casas contentores preços portugal,2,37,5.41%,17.86
casas de aço leve preço,2,36,5.56%,2.89
garagem pré-fabricada,2,35,5.71%,5.26
aço leve preço m2,2,34,5.88%,7.76
empresas de montagem de telhados sandwich coimbra,2,31,6.45%,3
casa de icf preço,2,27,7.41%,7.37
preço de demolição por m3,2,27,7.41%,10.7
casas modulares portugal preços,2,27,7.41%,33.19
placa isolpro preço m2,2,25,8%,9.2
simulador custo construção casas grátis portugal,2,24,8.33%,6.08
casas em estrutura metálica,2,22,9.09%,4.55
casa aço leve preço,2,22,9.09%,11.09
casaslsf.com,2,19,10.53%,1
telhado 4 águas preço,2,19,10.53%,4.26
pavilhões pré-fabricados betão,2,14,14.29%,2.57
armazem prefabricado,2,13,15.38%,2.62
casas de contentores,2,13,15.38%,43.54
pavilhões agrícolas preços,2,12,16.67%,4.25
quanto custa uma casa em lsf,2,11,18.18%,5.64
preço painel sandwich imitação telha,2,10,20%,3.1
preço de mão de obra construção civil,2,6,33.33%,4.67
pré pavilhão modular preços,2,3,66.67%,4
moradia em banda,1,387,0.26%,2.73
moradia geminada significado,1,341,0.29%,7.62
pladur preço m2,1,271,0.37%,6.23
icf construção desvantagens,1,254,0.39%,2.8
garagens pré fabricadas,1,243,0.41%,31.38
casa em lsf,1,230,0.43%,3.76
quanto custa um telhado novo,1,224,0.45%,5.53
pavimento pavê preço por m2 mão de obra,1,214,0.47%,2.51
casas modulares portugal preços chave na mão,1,212,0.47%,9.68
preço pave m2,1,169,0.59%,7.32
tecto falso preço m2,1,164,0.61%,7.25
quanto custa pintar um apartamento de 120m2,1,151,0.66%,2.83
casas de madeira chave na mão,1,138,0.72%,39.64
isolpro,1,129,0.78%,4.17
telha sanduíche,1,120,0.83%,3.82
construção em aço leve preço,1,118,0.85%,10.57
quanto custa pintar um apartamento de 80m2,1,116,0.86%,7.76
estrutura metálica para casas preço,1,108,0.93%,2.31
quanto custa mudar um telhado,1,106,0.94%,1.61
casas em lsf em portugal,1,94,1.06%,12.62
preço m2 tecto falso pladur,1,91,1.1%,8.09
telhado sandwich,1,90,1.11%,2.31
telha sanduíche preço m2 portugal,1,87,1.15%,4.97
quanto custa pintar uma casa,1,84,1.19%,4.36
quanto custa pintar apartamento t2,1,84,1.19%,4.4
telhado novo preço m2,1,84,1.19%,6.67
icf preço,1,83,1.2%,4.77
steel frame preço m2,1,83,1.2%,8.46
tabela de preços construção civil,1,82,1.22%,10.26
casas pré-fabricadas de betão chave mão preço portugal,1,79,1.27%,3.03
preço do pladur por m2,1,78,1.28%,7.68
casa em banda,1,76,1.32%,1.54
quanto custa construir uma casa de 100m2,1,74,1.35%,1.32
construção aço leve desvantagens,1,74,1.35%,1.82
coca cola desentope canos,1,74,1.35%,6.54
casas pré-fabricadas com tudo incluído,1,74,1.35%,35.11
custo telhado m2,1,73,1.37%,4.21
telha shingle preço m2,1,72,1.39%,7.62
tipos de teto falso pvc,1,71,1.41%,1.01
simulador custo construção casas grátis,1,65,1.54%,4.05
teto falso preço,1,64,1.56%,9.8
casa em aço leve preço,1,63,1.59%,5.75
telha sanduíche preço,1,59,1.69%,3.15
painel sandwich imitação telha preço m2,1,58,1.72%,2.38
pladur hidrófugo preço m2,1,58,1.72%,10.84
construção lsf,1,57,1.75%,15.47
casa modular t4,1,54,1.85%,5.74
casas modulares até 50000 euros,1,54,1.85%,25.81
preço m2 pladur mão de obra,1,53,1.89%,6.51
estrutura aço leve preço,1,51,1.96%,4.06
custo de telhado por m2 portugal,1,50,2%,1.98
remodelações lisboa,1,50,2%,73.42
armazéns pré fabricados,1,49,2.04%,3.12
demolições preço m2,1,49,2.04%,6.12
casa estrutura metalica,1,49,2.04%,7.92
icf construção,1,48,2.08%,8.25
preço lsf m2,1,47,2.13%,6.74
valor pintura apartamento 100m2,1,47,2.13%,7.09
preço pladur m2 instalado 2024,1,47,2.13%,10.21
telhado zinco preço m2,1,46,2.17%,6.65
casas modulares t3,1,46,2.17%,8.54
casas steel frame preço m2,1,46,2.17%,31.37
casas pré-fabricadas portugal preços chave na mão 2024,1,45,2.22%,4.07
preço m2 pladur aplicado,1,45,2.22%,9.13
anexos pré fabricados,1,43,2.33%,4.49
casas aço leve preços,1,43,2.33%,7.44
preço teto pladur m2,1,43,2.33%,7.74
preço de mão de obra para assentamento de azulejo,1,42,2.38%,1.9
telha sanduiche,1,42,2.38%,2.95
projetos de casas em lsf,1,42,2.38%,4.05
vigas em aço leve preço,1,41,2.44%,31.54
renovar telhado preço,1,40,2.5%,2.7
assentamento de tijolo preço m2,1,40,2.5%,6.9
preço do metro quadrado de pladur,1,40,2.5%,8.07
comprar bungalows,1,40,2.5%,11.5
quanto custa pintar um apartamento,1,40,2.5%,15.82
garagens pré-fabricadas em betão portugal,1,39,2.56%,4.74
artsteel preços,1,39,2.56%,10.44
tecto pladur preço m2,1,37,2.7%,4.43
lsf preço,1,36,2.78%,10.06
preço chave na mão casas diff preços,1,35,2.86%,4.83
casas de lsf,1,34,2.94%,5.18
preço m2 parede tijolo 20,1,34,2.94%,8.09
casas em aco leve preço,1,34,2.94%,8.29
casas em aço leve,1,34,2.94%,12.68
telhas sanduíche,1,33,3.03%,3.7
preço assentamento tijolo m2,1,33,3.03%,4.12
estrutura de madeira para telhado preço,1,33,3.03%,8.21
casa modular t3,1,33,3.03%,9.48
casas icf vantagens e desvantagens,1,32,3.12%,2.88
casas modulares t3 preços,1,32,3.12%,4.94
casas com estrutura metálica,1,32,3.12%,9.12
casa pre moldada de madeira,1,31,3.23%,1
capoto,1,31,3.23%,3.32
preço de telhado por metro quadrado,1,31,3.23%,7.61
valor de telhado por m2,1,30,3.33%,2.73
simulador orçamento construção moradia portugal,1,29,3.45%,4.24
150 mil euros casas pré-fabricadas portugal preços chave na mão,1,29,3.45%,12.31
casa modular preço,1,29,3.45%,14.21
preços construção civil,1,28,3.57%,8.5
preço construção m2,1,28,3.57%,11.5
fazer casas com painel sandwich,1,27,3.7%,3.41
preço m2 lsf,1,27,3.7%,9.07
melhor empresa casas modulares portugal,1,27,3.7%,16.07
casas painel sandwich modernas,1,26,3.85%,2.96
preço m2 demolição paredes,1,25,4%,7.08
casa contentor,1,24,4.17%,69
como montar teto falso pvc,1,23,4.35%,3.22
armazém pré-fabricado,1,23,4.35%,5.17
lsf casas preços,1,23,4.35%,9
tabela preço construção civil metro quadrado,1,23,4.35%,13.61
telhado novo,1,22,4.55%,2.41
garagem pré-fabricada preço,1,22,4.55%,4.77
casa com estrutura metalica,1,22,4.55%,6.32
casas modulares chave na mão preços,1,21,4.76%,9.43
bungalows comprar,1,21,4.76%,16.81
casas de estrutura metálica,1,20,5%,6.8
casas pré-fabricadas betão preço,1,20,5%,10.8
casas modulares lsf portugal,1,20,5%,12.55
preço metro quadrado teto falso,1,19,5.26%,7.11
casas amovíveis com rodas,1,19,5.26%,8.84
preço m2 pintura paredes interiores,1,19,5.26%,11.11
bungalows preço chave na mão,1,19,5.26%,22.95
lsf portugal,1,19,5.26%,41.68
preço metro quadrado telhado,1,18,5.56%,5.5
preço m2 assentamento de tijolo,1,17,5.88%,4.12
fabricantes de casas contentores em portugal,1,17,5.88%,6.06
casas contentores,1,17,5.88%,60
preco m2 pladur,1,16,6.25%,7
moradias até 150.000 sintra,1,16,6.25%,7.06
casa em banda significado,1,15,6.67%,2.87
casas pré fabricadas t3 preços,1,15,6.67%,27.8
casa lsf t3,1,14,7.14%,1
armazém pré-fabricado usado,1,14,7.14%,3.86
prédio de 2 andares com 4 apartamentos,1,14,7.14%,6.29
preço de metro quadrado de telhado,1,13,7.69%,6.62
curso lsf,1,13,7.69%,18.46
casas de contentores pré-fabricadas preço,1,13,7.69%,44.15
capoto exterior,1,12,8.33%,2.42
telha marselha preço m2,1,12,8.33%,2.75
coelho da silva tabela de preços,1,12,8.33%,3.42
orçamento telhado novo,1,12,8.33%,5.33
casa de aço leve,1,12,8.33%,5.83
garagens pré-fabricadas em betão,1,12,8.33%,6.33
cobertura metálica preço m2,1,12,8.33%,6.58
lsf telhado,1,11,9.09%,5.64
quanto custa colocar telhado novo,1,11,9.09%,6.55
casas modulares betão,1,11,9.09%,52.73
casas modulares até 100 mil euros,1,10,10%,6.5
construção em icf portugal,1,9,11.11%,4.33
telhas pvc,1,9,11.11%,6
casas de aço leve portugal,1,9,11.11%,8.44
bungalows românticos com jacuzzi,1,9,11.11%,10.11
casa sobre rodas,1,9,11.11%,26.33
telha portuguesa,1,8,12.5%,2.88
quanto custa estrutura metalica para telhado,1,8,12.5%,6.25
pintar casa interior preço,1,8,12.5%,7
projetos de casas em estrutura metálica,1,8,12.5%,9.12
casas pré fabricadas em betão portugal preços,1,8,12.5%,12.62
casas contentor,1,8,12.5%,18.62
custo de telhado,1,7,14.29%,2.43
decreto-lei casas móveis,1,7,14.29%,5.71
moradias em l,1,7,14.29%,7.71
empresas construção lsf,1,7,14.29%,25.86
quantas telhas tem uma palete,1,6,16.67%,2
telhas,1,6,16.67%,3.67
casa de estrutura de ferro,1,6,16.67%,7.5
armazem pré fabricado usado,1,6,16.67%,7.67
assentar azulejo preço m2,1,6,16.67%,16
curso lsf portugal 2026,1,6,16.67%,16
casas pré-fabricadas em betão,1,6,16.67%,19.5
casa pre fabricada betao,1,6,16.67%,31.5
casas contentores em portugal,1,6,16.67%,37
empresas de demolições,1,6,16.67%,46.67
diferença entre moradia em banda e geminada,1,5,20%,1
telhados sandwich,1,5,20%,5.2
casa com rodas,1,5,20%,21.4
casa chave na mão,1,5,20%,27.2
empresas de casas modulares em portugal,1,5,20%,47.8
casa feita de contentores,1,5,20%,68
preço pavilhao pré moldado,1,4,25%,1
preço telhas sanduíche,1,4,25%,2.5
quanto custa meter um telhado novo,1,4,25%,2.75
mão de obra para assentar tijolo,1,4,25%,5
estrutura pavilhão usada,1,4,25%,11.75
casas sobre rodas,1,4,25%,21
subtelha preço,1,4,25%,21.25
metro quadrado pavilhões pré-fabricados preço,1,3,33.33%,1.67
casas modulares de 2 pisos,1,3,33.33%,2
preço palete de telhas,1,3,33.33%,2.67
casas pre fabricadas portugal preço,1,3,33.33%,3.33
galpão pré moldado preço,1,3,33.33%,3.33
preço m2 cobertura painel sandwich,1,3,33.33%,3.67
estrutura metálica para casa,1,3,33.33%,4
preços,1,3,33.33%,8.33
tabela de preços construção civil 2025 portugal,1,3,33.33%,9
casas modulares preço chave na mão portugal,1,3,33.33%,10.67
bungalows fabricantes,1,3,33.33%,11.33
telhado em zinco,1,3,33.33%,13
tabela de preços de obras construção civil,1,3,33.33%,14
pavimento pave,1,3,33.33%,31
casa contentor portugal,1,3,33.33%,40.67
casas modulares 70m2,1,2,50%,1
casas modulares em betão portugal preços,1,2,50%,1
mobilhomes,1,2,50%,1
sim.,1,2,50%,1
lsf garage,1,2,50%,2
o que usar para desentupir canos,1,2,50%,2
telha hidrofugada preço,1,2,50%,2
telhado em painel sandwich,1,2,50%,2
como desentupir canos cozinha,1,2,50%,2.5
casas modulares melhores empresas,1,2,50%,3
tipos de telhado,1,2,50%,3.5
preço de telhado de zinco,1,2,50%,5.5
preço m2 cobertura autoportante,1,2,50%,29.5
empresas lsf lisboa,1,2,50%,48
casas pré-fabricadas betão portugal,1,2,50%,52.5
casas modulares preço portugal,1,1,100%,1
custo,1,1,100%,1
dá-me links,1,1,100%,1
deco simulador eletricidade,1,1,100%,2
desentupidor de canos extra forte,1,1,100%,2
e as desvantagens?,1,1,100%,2
preço capoto 6cm,1,1,100%,2
até 1500,1,1,100%,3
como isolar o telhado,1,1,100%,3
como resolver infiltração no telhado,1,1,100%,3
construção em steel frame preço,1,1,100%,3
my house,1,1,100%,3
preco em portugal,1,1,100%,3
preço reabilitação m2 2025,1,1,100%,3
quanto que tá o metro de pintura,1,1,100%,3
pladur com isolamento térmico e acústico,1,1,100%,4
telas asfalticas preço m2,1,1,100%,4
painel sandwich cobertura,1,1,100%,7
preço desaterro m3,1,1,100%,9
preço m2 telhado colonial,1,1,100%,11
casas modulares em l,1,1,100%,12
ácido para desentupir esgoto,1,1,100%,12
ecoland lsf,1,1,100%,17
construir armazem,1,1,100%,22
projeto lsf,1,1,100%,34
contentorescasas.pt,1,1,100%,41
melhor isolamento térmico para chão,1,1,100%,109
preço pladur m2,0,333,0%,4.42
telha,0,290,0%,2.15
armazém modular,0,289,0%,38.27
cobertura,0,277,0%,1.09
casas pré-fabricadas com tudo incluído portugal,0,227,0%,10.38
preço m2 construção chave na mão,0,206,0%,12.85
preço pladur,0,203,0%,11.08
o que é casa geminada,0,181,0%,1.69
quanto custa construir uma casa,0,179,0%,20.03
preço m2 barramento pladur,0,177,0%,8.02
gabinete de arquitetura gestão completa,0,172,0%,29.49
pavilhões agrícolas,0,168,0%,13.39
desentupimento de lava louças,0,168,0%,29.84
iforms icf preço m2,0,158,0%,2.11
casas que não precisam de licença,0,152,0%,11.69
quanto custa construir uma casa em portugal,0,147,0%,14.79
anexo,0,144,0%,1
preço m2 muro em pedra,0,141,0%,1.07
quanto e cobrado para pintar uma casa em portugal,0,141,0%,12.46
pavilhão modular,0,140,0%,10.41
quanto custa um projeto de arquitetura,0,133,0%,28.39
armazens pré fabricados preços,0,132,0%,6.83
preço m2 pladur,0,131,0%,5.05
casas lsf chave na mao,0,128,0%,6.71
pavilhoes pré fabricados,0,128,0%,9.95
gabinetes de arquitetura lisboa,0,126,0%,44.26
preço mão de obra pintura m2,0,122,0%,4.91
telha lusa preço m2,0,122,0%,8.33
tecto falso pvc,0,119,0%,4.43
pequenas obras de construзгo civil,0,116,0%,10.83
light steel framing preço m2,0,116,0%,55.88
preço mão de obra construção civil m2,0,113,0%,8.54
casa modular t3 preço,0,113,0%,14.11
pequenas obras e reparações,0,112,0%,13.13
gabinete de arquitetura lisboa,0,112,0%,43.08
predio de 2 andares,0,109,0%,1.39
substituir telhado antigo,0,109,0%,1.55
osb,0,107,0%,75.82
estruturas metálicas para casas,0,105,0%,1.15
teto falso pvc,0,103,0%,4.12
serviços off-site,0,103,0%,51.74
quanto custa remodelar uma casa antiga,0,102,0%,12.98
armazem agricola pré fabricado,0,101,0%,14.66
quanto custa construir casa,0,99,0%,31.34
orзamento mгo de obra construзгo civil,0,98,0%,2.57
serviços off site,0,98,0%,51.96
reconstrução de casas antigas preços,0,97,0%,6.55
armazéns pré-fabricados,0,97,0%,9.53
parede mestra,0,96,0%,1.48
light steel frame preço m2,0,96,0%,64.95
lsf,0,95,0%,27.38
construir moradia,0,93,0%,71.6
average cost to build a 1500 sq ft house,0,93,0%,81.25
quanto custa para construir uma casa,0,91,0%,3.2
preço do pladur,0,91,0%,12.68
quanto custa construir uma moradia t3 térrea 2025,0,90,0%,9.03
telha portuguesa preço,0,89,0%,2.74
tetos falsos em pladur,0,89,0%,4.91
preço m2 muro em pedra portugal,0,88,0%,1.01
fabricantes de bungalows em portugal,0,88,0%,8.72
gabinetes de arquitectura lisboa,0,88,0%,47.83
preço projeto arquitetura,0,86,0%,36.65
desentupimento de lava loiças,0,86,0%,46.01
obra chave na mгo,0,86,0%,61.64
construção pavilhões industriais,0,85,0%,50.75
construзгo de casas preзo,0,84,0%,7.06
construção de pavilhões industriais,0,83,0%,45.53
pavilhões modulares,0,82,0%,12.24
icf plastbau,0,81,0%,7.07
arquiteto licenciamento lisboa,0,81,0%,69.73
o que é casa germinada,0,80,0%,1
valor do metro quadrado de construção mão de obra,0,80,0%,1.15
preço m2 remoção de amianto,0,79,0%,1.48
restauro de casas antigas,0,79,0%,50.95
casas modulares preços t3 portugal,0,78,0%,5.74
quanto custa construir um prédio de 3 andares com 6 apartamentos,0,78,0%,7.94
empresa de demoliзгo de casas,0,78,0%,19.64
armazens metalicos preços,0,78,0%,32.03
orзamento de mгo de obra,0,77,0%,2.81
quanto custa colocar teto falso,0,77,0%,6.35
simulador compra casa,0,77,0%,78.21
quanto custa mudar o telhado de uma casa,0,76,0%,2.99
casas em aço leve vantagens e desvantagens,0,76,0%,6.95
moradia geminada,0,76,0%,9.32
construir casa em portugal,0,76,0%,75.89
quanto custa um telhado,0,75,0%,5.15
pavê preço m2,0,75,0%,9.6
preço metro quadrado de pladur aplicado,0,74,0%,4.59
substituição de telhados,0,74,0%,6.51
pladur m2,0,74,0%,8.19
quanto custa para pintar um apartamento de 70 metros quadrados,0,74,0%,11.49
quanto custa construir em terreno,0,74,0%,66.57
"casas modulares até 50,000 euros",0,73,0%,4.1
preço m2 steel frame,0,73,0%,16.3
empresa especializada em casas chave na mгo,0,73,0%,39.04
casas premoldadas de madeira,0,72,0%,1
icf,0,72,0%,2.08
quanto custa fazer um telhado novo,0,72,0%,5.31
preço teto falso,0,72,0%,10.07
preço demolição m2,0,71,0%,5.56
steel frame portugal preço m2,0,71,0%,8.06
desentupimentos de lava louças,0,71,0%,28.39
casas modulares preços,0,71,0%,51.92
obra em construзгo,0,71,0%,65.9
preço de demolição de alvenaria por m2,0,69,0%,9.93
pladur metro,0,69,0%,82.7
pladur preço m2 portugal,0,68,0%,3.91
garagem pré fabricada preço,0,68,0%,26.16
reparação de telhados preços,0,67,0%,4.25
simulador obras,0,67,0%,61.9
custo de obra,0,67,0%,79.58
empresa de construзгo de casas,0,66,0%,53.55
construзгo de moradias,0,66,0%,72.14
preço de pladur,0,65,0%,11.86
pavilhões industriais,0,65,0%,36.23
valor para pintar uma casa de 100m2,0,64,0%,6.12
quanto custa fazer um telhado de 100m2,0,64,0%,6.56
anexos pré-fabricados preços,0,63,0%,1.43
preço das telhas,0,63,0%,4.81
o que é um anexo de uma casa,0,63,0%,5.6
preço mão de obra pladur,0,63,0%,6.71
desentupir canos,0,63,0%,47.49
preço mão de obra construção civil portugal,0,62,0%,6.39
casas em banda,0,62,0%,6.52
tipos de telhas e preços,0,62,0%,8.98
quanto custa construir um predio,0,62,0%,12.84
empresa de construзгo civil residencial,0,61,0%,50.67
impermeabilização telhado preço m2,0,60,0%,1.6
quanto custa fazer uma casa em portugal,0,60,0%,11.17
pequenas obras em casa,0,60,0%,54.82
telhado preço m2,0,59,0%,9.46
empresas de construзгo civil portugal,0,59,0%,51.34
casas pré-fabricadas preços portugal,0,58,0%,38.41
bloco icf preço,0,57,0%,8.75
steel frame desvantagens,0,57,0%,80.79
fotos de casas pré-fabricadas em concreto preço,0,56,0%,2.25
recuperação de casas antigas,0,56,0%,66.89
obras de construзгo civil,0,56,0%,82.46
quanto custa um chalé pré fabricado,0,55,0%,1
quanto custa por um telhado novo,0,55,0%,2.65
armazéns prefabricados,0,55,0%,34.2
comprar casa simulador,0,55,0%,74.45
valor do metro quadrado de obra,0,54,0%,1
capoto preço m2 portugal,0,54,0%,1.06
pequenas obras,0,54,0%,42.17
casa em obra,0,54,0%,75.56
construзгo civil em portugal,0,54,0%,82.81
preço de estrutura metálica por m2,0,53,0%,8.66
icf preço m2 2025,0,53,0%,9.47
quanto custa pintar um quarto,0,53,0%,12.98
gabinete de arquitetura escritórios,0,53,0%,60.26
desentupimento de cano,0,53,0%,91.89
qual o valor da telha,0,52,0%,1
mão de obra construção civil tabela,0,52,0%,8.06
pladur metro quadrado,0,51,0%,3.63
casa movel t4,0,51,0%,3.78
simulador orзamento construзгo moradia,0,51,0%,7.57
paver preço m2,0,51,0%,8.67
aço leve preço,0,51,0%,12.08
projeto de construзгo de casas,0,51,0%,29.76
projeto de construзгo civil completo,0,51,0%,48.04
tecto falso em pvc,0,50,0%,2.14
preço de telha portuguesa,0,50,0%,2.94
preço m2 teto pladur,0,50,0%,7.94
quanto custa o metro quadrado de pladur,0,50,0%,9.52
empresas de colocação de telha sanduiche,0,50,0%,12.96
certificado energético casas antigas,0,50,0%,14.06
diferença entre moradia geminada e em banda,0,49,0%,2.53
telhado,0,49,0%,6.1
metro quadrado pladur,0,49,0%,7.41
quanto custa pintar uma casa de 150m2,0,49,0%,8.55
cabanas de madeira,0,49,0%,44.02
quanto custa pintar casa,0,48,0%,11.06
lsf houses,0,48,0%,11.88
tetos em pladur,0,48,0%,41.81
gabinetes de arquitectura em lisboa,0,48,0%,51.46
preço casa metro quadrado,0,48,0%,77.06
construir casa,0,48,0%,77.08
construção lsf vantagens e desvantagens,0,47,0%,7.43
construir casa preço,0,47,0%,15.3
construção de casas a baixo custo,0,47,0%,55.04
telha sanduíche preço m2,0,46,0%,7.17
preço m2 telhado sandwich,0,46,0%,8.52
moradia chave na mгo terreno,0,46,0%,57.93
valor da telha,0,45,0%,1.02
preco do pladur m2,0,45,0%,1.89
casa pre fabricada t4,0,45,0%,5.91
preço metro quadrado pladur,0,45,0%,10.56
casas modulares em aço leve,0,45,0%,11.82
construção de casas baratas em portugal,0,45,0%,63.04
projeto de arquitetura,0,45,0%,65.6
escritório de arquitetura lisboa,0,45,0%,70.69
construção de casas,0,45,0%,73.22
quantas telhas portuguesa vai por metro quadrado,0,44,0%,1
teto falso de pvc,0,44,0%,1
colocar teto falso preço,0,44,0%,8.32
orçamento para telhado,0,44,0%,18.5
construзгo modular,0,44,0%,75.09
parque de campismo 3 rios maravilha fotos,0,43,0%,4.51
mao de obra pladur,0,43,0%,6.58
quanto custa fazer um telhado,0,43,0%,7.3
pavilhões metalicos,0,43,0%,65.63
construção de casas modernas e baratas,0,43,0%,77.33
placa osb,0,42,0%,1.19
o que significa moradia em banda,0,42,0%,1.95
lsf construction,0,42,0%,5.07
aplicação pladur preço m2,0,42,0%,9.98
preço aplicação pladur m2,0,42,0%,10.12
quantos metros de ripa por m2 de telhado,0,41,0%,1
pintar apartamento preço,0,41,0%,6.76
cobertura telhado mais barata,0,41,0%,12.63
pequenas obras de construção civil,0,41,0%,17.71
preço mão de obra telhado m2,0,41,0%,25.2
remodelacoes lisboa,0,41,0%,80.63
preço m2 pavilhao industrial,0,40,0%,7.97
valor demolição por m2,0,40,0%,10.8
lsf casa,0,40,0%,11.45
construзгo de obra,0,40,0%,83
armazem pre fabricado,0,39,0%,4.33
quanto custa para construir um prédio 4 andares,0,39,0%,6.28
preço de teto falso,0,39,0%,9.23
pavilhoes desmontaveis usados para venda,0,39,0%,27.77
telha marselha,0,38,0%,3.32
tabela preço construção civil metro quadrado portugal,0,38,0%,6.39
casas pre fabricadas t4,0,38,0%,9.26
lsf construção,0,38,0%,24.76
recuperação de casas antigas apoios 2023,0,37,0%,12.46
casas ecológicas,0,37,0%,40.46
steel frame preço m2 2023,0,37,0%,74.38
como aplicar teto falso pvc,0,36,0%,2.75
preco de telhado m2,0,36,0%,4.58
steel casa opinioes,0,36,0%,4.94
quanto custa demolir uma casa,0,36,0%,6.33
férias pagas no sector da construção,0,36,0%,9.72
pladur preco,0,36,0%,12.31
casa modular t3 preço orçamento,0,36,0%,15.61
construзгo de casas baratas,0,36,0%,37.92
aço leve,0,36,0%,44.69
concrete house cost,0,36,0%,48.36
telhado sandwich preço m2,0,35,0%,5.97
telhado de zinco preço,0,35,0%,8.57
preço de um telhado novo,0,35,0%,8.66
quanto custa construir uma casa de 100m2 em portugal,0,35,0%,9.09
empresas de montagem de telhados sandwich lisboa,0,35,0%,10.97
telhados e coberturas,0,35,0%,21.03
casas de madeira preço chave na mão,0,35,0%,65.46
reformas construзгo civil,0,35,0%,67.91
obras em casas,0,35,0%,77.2
construcao de casa,0,35,0%,82.26
isolamento acustico para janela,0,34,0%,1
o'que é casa geminada,0,34,0%,1
construtora de casas preзos,0,34,0%,23.03
moradia lsf,0,33,0%,2.52
quanto custa construir uma moradia t3 térrea,0,33,0%,4.42
coca cola desentupir canos,0,33,0%,6.55
moradias em banda,0,33,0%,6.7
tetos falsos preço m2,0,33,0%,9.33
lcf construção,0,33,0%,9.94
parque de campismo 3 rios maravilha,0,33,0%,16.58
custo de pintar teto acústico por metro quadrado em lisboa portugal,0,32,0%,9.84
quanto custa 100 telhas,0,31,0%,1.74
lsf vs alvenaria,0,31,0%,2.23
pladur,0,31,0%,2.26
casa geminada,0,31,0%,3.45
construção em lsf vantagens e desvantagens,0,31,0%,5.29
telhado 150m2 preço,0,31,0%,6.55
telhas preço m2,0,31,0%,10.39
preço m2 construção garagem,0,31,0%,11
terreno rustico o que é,0,31,0%,19.19
telhados,0,31,0%,20.87
construção icf,0,31,0%,23.26
tabela de preço de reboco por metro quadrado,0,30,0%,1
tabela preços betão pronto,0,30,0%,1
telha marselha preço,0,30,0%,2.23
custo de um telhado por m2,0,30,0%,2.37
casas modulares portugal preço chave na mão,0,30,0%,20.43
casa para obras,0,30,0%,51.3
aplicação pavimento flutuante preço m2 mão de obra,0,29,0%,1
how much does it cost to build a house in ontario,0,29,0%,1
substituir telhado,0,29,0%,1
casa movel precisa de licença,0,29,0%,1.03
moradia em banda o que é,0,29,0%,1.76
mudar telhado preço,0,29,0%,2.31
casa de lsf,0,29,0%,2.66
preço telha portuguesa,0,29,0%,2.9
garagens pré-fabricadas preços,0,29,0%,3.21
preço betonilha m2 mão de obra,0,29,0%,4.17
quanto custa para pintar uma casa de 100 metros quadrados,0,29,0%,7.76
preço hora construção civil,0,29,0%,8.41
quanto custa para pintar um apartamento de 100 metros quadrados,0,29,0%,8.41
casas pré fabricadas portugal preços chave na mão,0,29,0%,21.69
casas aço leve preços chave na mao,0,29,0%,21.83
simulador de crйdito habitaзгo,0,29,0%,74.17
licenciamento lsf,0,28,0%,2.14
preço telha sanduiche,0,28,0%,2.14
quanto custa para pintar um apartamento,0,28,0%,2.54
casa de isopor preço,0,28,0%,3.14
casas pré fabricadas,0,28,0%,3.93
coca cola para desentupir canos,0,28,0%,5.39
demolição preço m2,0,28,0%,5.57
casas modulares aço leve,0,28,0%,19.07
estrutura lsf,0,28,0%,31.29
casas pré fabricadas preço,0,28,0%,55.71
light steel frame vantagens e desvantagens,0,28,0%,82.54
como desentupir cano,0,28,0%,90.39
valor do metro quadrado de construção,0,27,0%,1.07
valor m2 alvenaria mão de obra,0,27,0%,1.07
quantas telhas por m2 portuguesa,0,27,0%,1.26
casas modulares,0,27,0%,7.37
o que é uma moradia geminada,0,27,0%,9.33
como fazer uma casa pré fabricada painel sandwich,0,27,0%,15.07
como desentupir canos,0,27,0%,28.44
casas modulares em lsf,0,27,0%,29.74
construção moradia preço m2,0,27,0%,55.04
casa a construir,0,27,0%,64.26
obras de reformas,0,27,0%,68.41
como desentupir o lava loiça,0,27,0%,70.26
arquiteto licenças de construção portugal,0,27,0%,71.7
empresas de construзгo civil e obras publicas,0,27,0%,74.19
como desentupir lava loiça,0,27,0%,75
microcimento europeu,0,26,0%,1
telha romana por m2,0,26,0%,1
preço metro quadrado,0,26,0%,1.23
modiko preço m2,0,26,0%,1.38
telha lusa,0,26,0%,3.81
custo de demolição por m2,0,26,0%,7.23
teto falso pladur,0,26,0%,7.5
estrutura lsf preço,0,26,0%,9.31
geminada,0,26,0%,9.81
bungalows precisa de licença,0,26,0%,10.08
preзo construзгo de moradia,0,26,0%,15.19
simulador orзamento obras,0,26,0%,18.27
recuperar casas antigas,0,26,0%,70.5
obras construзгo civil,0,26,0%,87.27
lava louça brastemp 15 serviços apitando,0,25,0%,1
preço da mão de obra por metro quadrado,0,25,0%,1
quanto custa para construir um quarto 3x3,0,25,0%,1
calceteiro preço m2,0,25,0%,1.12
rufos telhado,0,25,0%,2.4
casas lsf t3,0,25,0%,3.68
tabela de preços de pintura por metro quadrado em portugal,0,25,0%,4.72
garagens pre fabricadas em portugal,0,25,0%,6.2
preco mao de obra teto falso pladur m2 portugal 2024,0,25,0%,7.96
preço de pladur m2,0,25,0%,9.08
m2 pladur,0,25,0%,11.4
moradias em lsf,0,25,0%,21.04
container portugal,0,25,0%,55.96
bungalows de madeira preços,0,25,0%,74.72
casa pre fabricada de madeira,0,24,0%,1.17
preço de mão de obra de pladur em portugal,0,24,0%,1.62
montagem de telhados,0,24,0%,3.79
como colocar teto falso em pvc pdf,0,24,0%,4.21
casas feitas com contentores preços,0,24,0%,4.42
casas móveis precisam de licença,0,24,0%,5.25
quanto custa construir uma casa térrea em portugal,0,24,0%,10.46
casa modular,0,24,0%,10.71
preço m2 barramento,0,24,0%,11.58
casas de aço leve,0,24,0%,29.33
construção em lsf,0,24,0%,34.62
placas pladur preço m2,0,24,0%,39.83
casas pré fabricadas baratas,0,24,0%,69.17
arquiteto aprovação de projetos lisboa,0,24,0%,70.08
casas de aço,0,24,0%,71.62
casa de madeira pre moldada,0,23,0%,1
valor da mao de obra por m2,0,23,0%,1
betão desativado preço m2,0,23,0%,1.09
casa banda,0,23,0%,1.83
preço telha lusa,0,23,0%,1.91
anexo casa,0,23,0%,2.3
telha sanduíche 6 metros preço,0,23,0%,2.78
luxsteel preços,0,23,0%,3.43
orçamentos para telhados,0,23,0%,3.96
construir uma casa,0,23,0%,4.91
quanto custa arranjar um telhado,0,23,0%,7
preco mao de obra teto falso pladur por m2 portugal,0,23,0%,7.7
preço telhado,0,23,0%,8.43
venda de módulo pré-fabricadas,0,23,0%,42.96
gabinete arquitectura lisboa,0,23,0%,44.61
casas pré fabricadas portugal preços,0,23,0%,66.3
casas pré fabricadas precos,0,23,0%,69.7
casas para alugar em sintra até 500 €,0,22,0%,1
caleiras para telhados preços,0,22,0%,2.64
casas de madeira t4 preços,0,22,0%,3.27
o que significa moradia geminada,0,22,0%,4.36
casas em betão preços,0,22,0%,9.18
casa móvel t3 preço médio,0,22,0%,10.41
orçamento pintura apartamento,0,22,0%,17.5
casas modulares preço,0,22,0%,26.73
vigas de aço leve para telhado,0,22,0%,33.73
empreiteira de obras valor,0,22,0%,52.41
custo de construção por m2,0,22,0%,58.73
empresa construзгo de casas,0,22,0%,61.45
que significa osb,0,22,0%,87.82
módulo pré-fabricadas usadas,0,22,0%,89.23
betão armado,0,21,0%,1
construção de galpão preço por m2,0,21,0%,1
estrutura metálica para casas,0,21,0%,1
qual o valor da mão de obra da fundação de uma casa,0,21,0%,1
quantas telha por metro quadrado,0,21,0%,1
preco de telha,0,21,0%,1.14
telhado preço,0,21,0%,2.29
subtelha,0,21,0%,3.76
custo de construção por m2 portugal,0,21,0%,5.48
quanto custa para construir um prédio de 3 andares,0,21,0%,6.67
valor de demolição por m2,0,21,0%,7
telha lusa preço m2 portugal,0,21,0%,8.48
moradia geminada o que é,0,21,0%,8.62
casas modulares em portugal preços,0,21,0%,9.76
preço telhas,0,21,0%,10.71
demolição de paredes interiores preço,0,21,0%,11.71
estrutura metalica para casas,0,21,0%,12.33
casas aço leve,0,21,0%,19.38
preço metro quadrado construção,0,21,0%,22.81
casas em aço,0,21,0%,29.43
casas em aço leve portugal,0,21,0%,30.67
construtora pequenas obras,0,21,0%,33.19
casa pre fabricada,0,21,0%,36.1
concrete home cost,0,21,0%,53.29
desentupimento de canos,0,21,0%,63.24
como detectar fugas de água em paredes,0,21,0%,74.57
casas pré fabricadas preços,0,21,0%,74.71
construção modular,0,21,0%,84.24
arquiteto escritórios lisboa,0,21,0%,85.1
desentupir canos lava-loiça,0,21,0%,86.76
arquiteto lisboa,0,21,0%,94.19
casas sem telhado,0,20,0%,1
reparação de telhados aveiro,0,20,0%,1
telha marselha m2,0,20,0%,2.1
casa de isopor,0,20,0%,2.5
mundiperfil preços,0,20,0%,3.1
casa em estrutura metalica,0,20,0%,4
telha lusa preço,0,20,0%,4.45
construir anexo barato,0,20,0%,4.65
telhado metálico preço m2,0,20,0%,4.75
quanto custa construir uma casa em lsf,0,20,0%,7.9
desentupir canos caseiro,0,20,0%,8.4
garagem pre fabricadas,0,20,0%,8.95
casas modulares sintra,0,20,0%,9.7
quanto custa pladur metro quadrado,0,20,0%,11.05
preço da telha,0,20,0%,11.3
moradias lsf,0,20,0%,38.9
restauro de casas,0,20,0%,46.45
casas pré fabricadas concreto preço em curitiba,0,19,0%,1
licença construção armazém agrícola,0,19,0%,1
preço do cobre kg portugal,0,19,0%,1
preço muro m2 portugal,0,19,0%,1
casa pre moldada,0,19,0%,1.05
quanto custa trocar um telhado,0,19,0%,1.47
capoto preço m2,0,19,0%,1.95
custo de telhado por m2,0,19,0%,2.05
empresas de telhados e coberturas,0,19,0%,2.37
predio 2 andares 4 apartamentos,0,19,0%,3.05
casas estrutura metalica,0,19,0%,3.74
orcamento telhado,0,19,0%,4.21
o que é uma casa geminada,0,19,0%,5.11
custo demolição m2,0,19,0%,6.47
preço pladur hidrofugo m2,0,19,0%,11.68
construção em aço leve,0,19,0%,31.21
qual o melhor isolamento térmico para paredes interiores,0,19,0%,78.05
retelhar casa,0,18,0%,1
telha preco,0,18,0%,1.11
desentupir lava louça,0,18,0%,4.28
telhado 100m2 preço,0,18,0%,5.83
quanto custa pintar uma casa por dentro,0,18,0%,6.22
valor da demolição por m2,0,18,0%,6.44
casas pre fabricadas t3,0,18,0%,7.94
colocação de telhado preço,0,18,0%,8.33
orзamento construзгo moradia,0,18,0%,8.94
preço de telhas,0,18,0%,11.06
quanto custa para construir um prédio,0,18,0%,12.28
teto falso pvc preço m2,0,18,0%,14.11
coca cola desentope pia,0,18,0%,33.11
estrutura metalica,0,18,0%,37.56
construções em aço leve,0,18,0%,39.28
casas pré-fabricadas preços,0,18,0%,65.94
concrete house cost per square foot,0,18,0%,66.44
cost to build a 1500 sq ft home,0,18,0%,79.39
casa pre moldada madeira,0,17,0%,1
o que é sobrado geminado,0,17,0%,1
preço do m2 do telhado colonial,0,17,0%,1
telha comum preço,0,17,0%,1
orçamento para telhado de casas,0,17,0%,2.53
pavimento pavê preço por m2 mão-de obra,0,17,0%,2.59
pintura de apartamento valor,0,17,0%,2.71
preço de construção m2,0,17,0%,4.41
casas contentores chave na mão portugal,0,17,0%,5.06
painel sandwich,0,17,0%,5.88
estrutura lsf preço m2,0,17,0%,5.94
garagem em aço leve,0,17,0%,6.82
telhado novo preço,0,17,0%,7.18
casas pré-fabricadas com tudo incluído portugal preço t3,0,17,0%,7.59
casas modulares betão preços,0,17,0%,8.82
orзamento para construзгo de moradia,0,17,0%,10.12
quanto custa pintar uma casa em portugal,0,17,0%,10.18
licença para construção de anexos,0,17,0%,11.47
telhados e coberturas preços,0,17,0%,13.53
quanto custa projeto de arquitetura,0,17,0%,25
tetos em pladur modernos,0,17,0%,49.88
steel frame valor m2 2023,0,17,0%,59.12
reformas em geral,0,17,0%,61.47
casa pre fabricada preco,0,17,0%,67
construir casas,0,17,0%,69.82
empresas de restauro de casas antigas,0,17,0%,72.35
obras em casa,0,17,0%,77.76
casas de madeira pré-fabricadas preço,0,16,0%,1
quanto custa para construir uma casa de 150m2,0,16,0%,1
preco m2 construção,0,16,0%,3.81
teto pladur preço portugal,0,16,0%,4.06
moradia em lsf,0,16,0%,4.31
quanto custa para demolir uma casa,0,16,0%,5.5
casas pré-fabricadas em aço preços,0,16,0%,6.56
kit casa icf preço,0,16,0%,7
bungalows romanticos com jacuzzi,0,16,0%,7.31