Página com link,Último rastreamento
https://www.homify.in/professionals/7453441/obrasnet/ideabooks,2026-03-26
https://br.pinterest.com/pin/162833342771582771/,2026-03-25
https://www.homify.com.mx/profesionales/7453441/obrasnet,2026-03-25
https://www.homify.hu/professionals/7453441/obrasnet,2026-03-25
https://www.homify.sa/professionals/7453441/obrasnet/ideabooks,2026-03-25
https://www.homify.com.tr/profesyoneller/7453441/obrasnet/yeni_fikirler,2026-03-10
https://app.kurrant.ai/companies/3975fe08-1b28-436d-804b-4a44859c366a/jp,2026-03-02
https://2ip.ru/domain-list-by-ip/gameunits.zone/,2026-02-28
https://www.homify.pt/profissionais/7453441/obrasnet/projetos,2026-02-26
https://www.homify.sa/professionals/7453441/obrasnet/ratings,2026-02-23
https://www.homify.com.tr/projeler/1191587/construcao-chave-na-mao-em-betao-vantagens-e-desvantagens,2026-02-15
https://www.homify.fr/experts/7453441/obrasnet/projets,2026-02-15
https://www.homify.jp/professionals/7453441/obrasnet/ideabooks,2026-02-11
https://www.homify.com.eg/professionals/7453441/obrasnet,2026-01-31
https://pt.pinterest.com/pin/825073594223126672/,2026-01-14
https://www.homify.nl/professionals/7453441/obrasnet/projecten,2025-12-31
https://medium.com/feed/remodelações-de-interiores-obrasnet,2025-12-25
https://www.homify.ae/professionals/7453441/obrasnet/ideabooks,2025-12-17
https://www.homify.ae/projects/1191587/construcao-chave-na-mao-em-betao-vantagens-e-desvantagens,2025-12-16
https://www.homify.de/projekte/1191587/construcao-chave-na-mao-em-betao-vantagens-e-desvantagens,2025-12-11
https://medium.com/feed/casas-modulares,2025-12-06
https://www.tumblr.com/obrasnet,2025-12-04
https://www.homify.com.co/proyectos/1191587/construcao-chave-na-mao-em-betao-vantagens-e-desvantagens,2025-11-25
https://www.homify.co.kr/professionals/7453441/obrasnet/projects,2025-11-13
https://www.homify.co.th/projects/1191587/construcao-chave-na-mao-em-betao-vantagens-e-desvantagens,2025-11-12
https://www.homify.vn/professionals/7453441/obrasnet/projects,2025-11-12
https://www.servicenavin.com/proviews3_forum/profile.php?id=22306,2025-10-25
https://plainwindow.com/pt/articles/preo-do-azulejo-de-borracha-por-metro-quadrado-em-2025-no-brasil,2025-10-07
https://2ip.io/domain-list-by-ip/104.21.89.99/,2025-09-17
https://www.servicenavin.com/proviews3_forum/viewtopic.php?id=248,2025-09-03
https://www.gestlifes.com/credito-casas-modulares/,2025-08-26
https://www.tumblr.com/todayspenguins,2025-02-13
https://www.homify.it/esperti/7453441/obrasnet,2025-01-19
https://br.pinterest.com/mhbiesso/projetos/,2025-01-03
https://co.pinterest.com/obrasnet/,2024-12-11
https://www.homify.pt/profissionais/7453441/obrasnet,2024-09-05
https://www.homify.pt/projetos/1191587/construcao-chave-na-mao-em-betao-vantagens-e-desvantagens,2024-09-05
https://es.pinterest.com/pin/396527942197274616/,2024-07-26
https://ph.pinterest.com/Obrasnet/,2024-07-21
https://it.pinterest.com/Obrasnet/,2024-06-01
https://www.reddit.com/user/obras-net/,2024-05-19
https://pt.pinterest.com/obrasnet/casas-lsf/,2024-04-30
https://pt.pinterest.com/obrasnet/,2024-04-25
https://jornalperiscopio.com.br/site/encanamento-saiba-como-escolher-e-desentupir-os-canos-da-sua-casa/,2024-01-16
https://aletp.com.br/5-corretores-ortograficos-gratis-para-voce-fazer-suas-revisoes/,2024-01-11
https://www.pinterest.com/Obrasnet,2023-09-17
https://www.estrombo.com.br/construcao-em-icf,2023-05-30
https://multticlique.com.br/construindo-casas-em-icf/,2023-03-16
https://www.infotecblog.com.br/evolucao-dos-pavilhoes-industriais/,2023-01-19
http://www.srcomputador.com.br/blog/2016/11/30/loja-gratis-para-facebook/,2022-12-03
https://alertasocial.com.br/imoveis/tudo-o-que-precisa-saber-sobre-tetos-falsos-em-pladur/,2022-12-03
https://pt.linkedin.com/pulse/construções-em-aço-leve-lisboa-obrasnet-remodelações,2022-06-02
https://br.pinterest.com/simara0887/rodapés/,2022-04-25
https://www.prismacse.com/single-post/2019/08/28/constru-c3-a7-c3-b5es-em-light-steel-framing-um-salto-inovador-na-constru-c3-a7-c3-a3o-ci,2021-05-04
https://br.pinterest.com/laramont2014/house/,2021-02-17
https://br.pinterest.com/pin/162833342766017102/,2020-10-06
https://br.pinterest.com/rafasoaresm/casa/,2020-10-02
https://lucasvsconsultor.wordpress.com/,2020-05-11
https://obrasnet.wordpress.com/2018/01/08/﻿quem-o-preco-das-casas-modulares/,2019-05-21