Páginas principais,Cliques,Impressões,CTR,Posição
https://casaslsf.com/,755,16670,4.53%,8.17
https://casaslsf.com/pavilhoes-pre-fabricados-preco-m2/,339,5641,6.01%,8.43
https://casaslsf.com/blog/pavilhoes-pre-fabricados-preco-m2,294,4380,6.71%,8.56
https://casaslsf.com/blog/telhados-e-coberturas-precos,276,18892,1.46%,5.57
https://casaslsf.com/custos,229,6724,3.41%,5.09
https://casaslsf.com/telhados-e-coberturas-precos/,217,22248,0.98%,4.58
https://casaslsf.com/precos-m2/,131,7010,1.87%,10.74
https://casaslsf.com/garagens-modulares-e-pre-fabricadas-precos/,131,2675,4.9%,8.59
https://casaslsf.com/tecto-falso-pladur-preco-m2/,128,16854,0.76%,8.15
https://casaslsf.com/quanto-custa-um-telhado-de-100m²-em-portugal/,122,14810,0.82%,4.01
https://casaslsf.com/plantas,115,926,12.42%,15.91
https://casaslsf.com/15-problemas-em-construir-uma-casa-em-light-steel-frame-lsf/,110,1900,5.79%,6.52
https://casaslsf.com/diferenca-entre-moradia-geminada-e-em-banda/,103,3825,2.69%,3.52
https://casaslsf.com/blog/tecto-falso-pladur-preco-m2,99,6903,1.43%,7.88
https://casaslsf.com/icf-preco-m2-tudo-o-que-voce-precisa-saber-antes-de-construir/,90,4357,2.07%,4.96
https://casaslsf.com/telhado-lsf-preco-m2/,79,1519,5.2%,8.2
https://casaslsf.com/preco-construcao-lsf-por-m2,78,5308,1.47%,3.73
https://casaslsf.com/portfolio/casas-modulares-t3-preco-chave-na-mao-com-75-m2/,76,5270,1.44%,10.97
https://casaslsf.com/blog/icf-preco-m2-tudo-o-que-voce-precisa-saber-antes-de-construir,69,2768,2.49%,4.62
https://casaslsf.com/portfolio/vivenda-t4-em-lsf-com-170m2/,69,1638,4.21%,5.38
https://casaslsf.com/como-construir-um-anexo-no-seu-quintal/,53,2395,2.21%,3.96
https://casaslsf.com/blog/diferenca-entre-moradia-geminada-e-em-banda,49,2303,2.13%,4.32
https://casaslsf.com/blog/como-construir-um-anexo-no-seu-quintal,41,1833,2.24%,3.67
https://casaslsf.com/blog/casas-modulares-portugal-chave-na-mao,39,1138,3.43%,8.04
https://casaslsf.com/portfolio/casas-modulares-t1-precos-chave-na-mao/,38,2184,1.74%,4.64
https://casaslsf.com/simulador-de-orcamento-de-construcao-de-moradia-tudo-o-que-voce-precisa-saber/,36,752,4.79%,6.75
https://casaslsf.com/portfolio/casas-modulares-t2-t3-preco-chave-na-mao-com-100-m2/,35,3657,0.96%,8.99
https://casaslsf.com/casas-amoviveis-chave-na-mao/,35,1809,1.93%,5.55
https://casaslsf.com/descubra-as-10-melhores-empresas-de-construcao-lsf-em-2023/,33,772,4.27%,8.17
https://casaslsf.com/portfolio/casas-pre-fabricadas-150m2/,31,1056,2.94%,7.2
https://casaslsf.com/preco-da-mao-de-obra-na-construcao-civil-em-portugal-guia-completo/,30,6981,0.43%,3.11
https://casaslsf.com/casas-modulares/,30,903,3.32%,16.66
https://casaslsf.com/sobre/,30,359,8.36%,7.46
https://casaslsf.com/blog/garagens-modulares-e-pre-fabricadas-precos,29,539,5.38%,15.1
https://casaslsf.com/blog/casas-pre-fabricadas-de-betao-vantagens-desvantagens-e-precos,28,552,5.07%,9.82
https://casaslsf.com/casas-pre-fabricadas-precos/,26,2763,0.94%,9.9
https://casaslsf.com/icf-construcao-portugal-preco-chave-na-mao/,26,1008,2.58%,3.9
https://casaslsf.com/blog/quanto-custa-pintar-um-apartamento-de-100m2,25,3424,0.73%,5.64
https://casaslsf.com/blog/telhado-lsf-preco-m2,25,1106,2.26%,11.22
https://casaslsf.com/blog/preco-da-mao-de-obra-na-construcao-civil-em-portugal-guia-completo,24,3628,0.66%,6.33
https://casaslsf.com/blog/casas-amoviveis-chave-na-mao,23,1593,1.44%,4.87
https://casaslsf.com/blog/icf-construcao-portugal-preco-chave-na-mao,23,1027,2.24%,4.49
https://casaslsf.com/blog/construcao-em-aco-leve-preco-m2,22,1572,1.4%,9.13
https://casaslsf.com/tudo-que-precisa-saber-sobre-teto-falso-em-pvc/,21,1702,1.23%,3.93
https://casaslsf.com/blog/casas-lsf-portugal-guia-completo,21,876,2.4%,9.57
https://casaslsf.com/simulador,20,155,12.9%,10.39
https://casaslsf.com/quanto-custa-pintar-um-apartamento-de-100m2/,19,5672,0.33%,6.25
https://casaslsf.com/blog/pavimento-pave-preco-por-m2-guia-completo-para-voce,17,1497,1.14%,7.19
https://casaslsf.com/casas-pre-fabricadas-de-betao-vantagens-desvantagens-e-precos/,15,363,4.13%,24.9
https://casaslsf.com/preco-de-demolicao-por-m2-entenda-como-funciona-e-quanto-custa/,14,1552,0.9%,5.67
https://casaslsf.com/precos-de-garagem-modular/,14,240,5.83%,25.91
https://casaslsf.com/pavilhao-modular-precos/,13,1241,1.05%,32.15
https://casaslsf.com/portfolio/moradia-familiar-t3-em-aco-leve-chave-na-mao-100m2/,13,602,2.16%,11.98
https://casaslsf.com/blog/15-problemas-em-construir-uma-casa-em-light-steel-frame-lsf,13,487,2.67%,6.74
https://casaslsf.com/blog/casas-modulares,13,329,3.95%,22.28
https://casaslsf.com/blog/casas-lsf-seguras-sismos-vento-fogo,13,193,6.74%,4.48
https://casaslsf.com/quanto-custa-construir-um-predio-de-2-andares-com-4-apartamentos/,12,2017,0.59%,7.76
https://casaslsf.com/empresas-de-montagem-de-telhados-sandwich/,12,1520,0.79%,8.87
https://casaslsf.com/casas-pre-fabricadas-portugal-precos-chave-na-mao/,12,983,1.22%,18.22
https://casaslsf.com/casas-em-estrutura-metalica-portugal/,12,968,1.24%,4.81
https://casaslsf.com/blog/estrutura-telhado-de-aco-ou-madeira-qual-delas-a-mais-indicada,11,382,2.88%,10.16
https://casaslsf.com/casa-em-painel-sandwich-precos-e-beneficios/,11,377,2.92%,6.53
https://casaslsf.com/placa-isolpro-40mm/,11,323,3.41%,4.17
https://casaslsf.com/blog/descubra-as-10-melhores-empresas-de-construcao-lsf-em-2023,11,229,4.8%,9.03
https://casaslsf.com/blog/quanto-custa-construir-uma-casa,10,1860,0.54%,9.42
https://casaslsf.com/portfolio/moradia-t3-com-170m2-em-lsf-light-steel-framing/,10,667,1.5%,11.21
https://casaslsf.com/quanto-custa-casa-lsf,9,967,0.93%,4.85
https://casaslsf.com/blog/casas-pre-fabricadas-portugal-precos-chave-na-mao,9,368,2.45%,25.01
https://casaslsf.com/casa-lsf-financiamento,9,330,2.73%,3.45
https://casaslsf.com/casas-contentores-em-portugal-precos-e-informacoes-uteis/,9,295,3.05%,40.73
https://casaslsf.com/blog/placa-isolpro-40mm,9,149,6.04%,8.36
https://casaslsf.com/tabela-preco-construcao-civil-metro-quadrado-2023-portugal-guia-completo/,8,2233,0.36%,6.22
https://casaslsf.com/pavimento-pave-preco-por-m2-guia-completo-para-voce/,8,1505,0.53%,6.39
https://casaslsf.com/como-desentupir-canos-com-coca-cola-um-guia-completo/,8,1181,0.68%,4.46
https://casaslsf.com/blog/pavimento-pave-preco-por-m2-em-portugal-como-encontrar-a-melhor-oferta,8,870,0.92%,3.75
https://casaslsf.com/blog/simulador-de-orcamento-de-construcao-de-moradia-tudo-o-que-voce-precisa-saber,8,251,3.19%,16.31
https://casaslsf.com/blog/tabela-preco-construcao-civil-metro-quadrado-2023-portugal-guia-completo,7,1652,0.42%,11.25
https://casaslsf.com/blog/preco-de-demolicao-por-m2-entenda-como-funciona-e-quanto-custa,7,1561,0.45%,6.18
https://casaslsf.com/construcao-em-aco-leve-preco-m2/,7,884,0.79%,14.75
https://casaslsf.com/cabanas-de-madeira-preco/,7,353,1.98%,13.34
https://casaslsf.com/portfolio/moradia-familiar-t4/,7,205,3.41%,7.48
https://casaslsf.com/blog/melhor-empresa-de-casas-modulares-em-portugal,7,124,5.65%,39.77
https://casaslsf.com/blog/como-obter-credito-habitacao-para-casas-modulares-ou-pre-fabricadas,7,123,5.69%,7.14
https://casaslsf.com/blog/precos-de-garagem-modular,7,69,10.14%,22.22
https://casaslsf.com/casas-modulares-100-financiamento-a-solucao-para-adquirir-sua-casa-propria/,6,340,1.76%,6.04
https://casaslsf.com/blog/empresas-de-montagem-de-telhados-sandwich,6,338,1.78%,10.13
https://casaslsf.com/construcao-em-icf-portugal/,6,198,3.03%,15.64
https://casaslsf.com/blog/casa-em-painel-sandwich-precos-e-beneficios,6,158,3.8%,10.06
https://casaslsf.com/construcao-mista-icf-com-lsf-conheca-essa-tecnica-inovadora/,6,154,3.9%,3.79
https://casaslsf.com/blog/tempo-construcao-casa-lsf,6,136,4.41%,4.51
https://casaslsf.com/construir-moradia/,5,1438,0.35%,14.84
https://casaslsf.com/lsf-houses/,5,567,0.88%,9.13
https://casaslsf.com/casas-em-estrutura-metalica/,5,346,1.45%,8.34
https://casaslsf.com/demolicao-de-casas-antigas-tudo-o-que-precisa-saber/,5,300,1.67%,7.45
https://casaslsf.com/blog/quanto-custa-construir-um-predio-de-2-andares-com-4-apartamentos,5,294,1.7%,8.59
https://casaslsf.com/portfolio/moradias-t3-em-lsf-com-125m2/,5,153,3.27%,36.71
https://casaslsf.com/blog/construcao-mista-icf-com-lsf-conheca-essa-tecnica-inovadora,5,144,3.47%,4.89
https://casaslsf.com/orcamento-lsf/,5,125,4%,13.27
https://casaslsf.com/blog/casas-contentores-em-portugal-precos-e-informacoes-uteis,5,89,5.62%,44.92
https://casaslsf.com/empresa-construcao-lsf-portugal,5,88,5.68%,10.22
https://casaslsf.com/wp-content/uploads/2023/01/Obrasnet.xlsx-71.pdf,5,21,23.81%,20.24
https://casaslsf.com/construcao-de-paredes-em-icf-plastbau-vantagens-e-desafios/,4,305,1.31%,5.36
https://casaslsf.com/blog/casas-pre-fabricadas-em-betao,4,95,4.21%,42.87
https://casaslsf.com/blog/casas-em-estrutura-metalica-portugal,4,85,4.71%,10.73
https://casaslsf.com/telhados-e-coberturas-precos/#Cobertura_telhado_mais_barata,3,2932,0.1%,8.3
https://casaslsf.com/quanto-custa-construir-uma-casa/,3,2311,0.13%,13.06
https://casaslsf.com/light-steel-framing/,3,1207,0.25%,12.14
https://casaslsf.com/como-desentupir-a-lava-loucas-dicas-simples-e-eficazes/,3,651,0.46%,20.51
https://casaslsf.com/blog/lsf-vs-alvenaria-portugal,3,442,0.68%,4.68
https://casaslsf.com/blog/como-desentupir-canos-com-coca-cola-um-guia-completo,3,288,1.04%,5.87
https://casaslsf.com/como-obter-credito-habitacao-para-casas-modulares-ou-pre-fabricadas/,3,260,1.15%,6.26
https://casaslsf.com/blog/descubra-tudo-sobre-isolamento-termico-melhores-materiais-e-instalacao,3,244,1.23%,29.55
https://casaslsf.com/blog/pavilhao-modular-precos,3,207,1.45%,31.23
https://casaslsf.com/casas-contentores-precos-portugal-uma-alternativa-sustentavel-para-a-habitacao/,3,179,1.68%,18.34
https://casaslsf.com/moradias-ate-150-000-sintra-acessivel-e-charmoso/,3,141,2.13%,7.31
https://casaslsf.com/processo-construcao-lsf,3,127,2.36%,4.97
https://casaslsf.com/revestimentos-e-acabamentos-dicas-e-erros-em-construcoes-lsf/,3,125,2.4%,6.86
https://casaslsf.com/blog/casas-pre-fabricadas-precos,3,102,2.94%,11.12
https://casaslsf.com/blog/isolamento-acustico-para-discotecas,3,89,3.37%,3.35
https://casaslsf.com/blog/casas-em-estrutura-metalica,3,80,3.75%,29.21
https://casaslsf.com/simulador-de-custo-de-construcao-de-casas-gratis-em-portugal/,3,78,3.85%,44.69
https://casaslsf.com/?m=cp&a=blk,3,71,4.23%,9.65
https://casaslsf.com/blog/licenciamento-construcao-portugal,3,67,4.48%,36.52
https://casaslsf.com/blog/casas-contentores-chave-na-mao,3,60,5%,48.93
https://casaslsf.com/sobre-obrasnet,3,55,5.45%,7.58
https://casaslsf.com/blog/casa-modular-descubra-10-modelos-para-inspiracao,3,53,5.66%,22.55
https://casaslsf.com/blog/projetos-de-casas-ate-100-mil-euros-construa-sua-casa-dos-sonhos-sem-gastar-muito,3,46,6.52%,12.43
https://casaslsf.com/blog/moradias-ate-150-000-sintra-acessivel-e-charmoso,3,23,13.04%,7.35
https://casaslsf.com/portfolio/modelo-100m2/,3,17,17.65%,11.41
https://casaslsf.com/#CASAS_EM_ACO_LEVE,2,2540,0.08%,7.06
https://casaslsf.com/casas-que-nao-precisam-de-licenca/,2,738,0.27%,9.65
https://casaslsf.com/pavimento-pave-preco-por-m2-em-portugal-como-encontrar-a-melhor-oferta/,2,678,0.29%,3.94
https://casaslsf.com/empresas-de-aplicacao-de-pladur/,2,397,0.5%,8.95
https://casaslsf.com/blog/casas-em-betao-preco,2,381,0.52%,5.09
https://casaslsf.com/icf-construcao-conheca-as-desvantagens/,2,320,0.62%,6.27
https://casaslsf.com/empresa-de-construcao/,2,265,0.75%,11.92
https://casaslsf.com/construir-casas-ate-100-mil/,2,200,1%,4.79
https://casaslsf.com/terreno-rustico-legislacao/,2,188,1.06%,15.59
https://casaslsf.com/o-guia-definitivo-para-bangalos-tudo-o-que-voce-precisa-saber-sobre-o-preco-chave-na-mao/,2,175,1.14%,2.07
https://casaslsf.com/estrutura-metalica/,2,172,1.16%,13.39
https://casaslsf.com/turiscampo-camping-bungalow-park/,2,165,1.21%,33.55
https://casaslsf.com/blog/simulador-de-orcamento-de-construcao-de-moradia,2,159,1.26%,18.23
https://casaslsf.com/blog/contrato-coletivo-de-trabalho-construcao-civil,2,146,1.37%,9.08
https://casaslsf.com/curso-lsf-portugal-2023-tudo-o-que-precisa-saber-para-comecar/,2,143,1.4%,7.7
https://casaslsf.com/blog/tudo-que-precisa-saber-sobre-teto-falso-em-pvc,2,132,1.52%,20.75
https://casaslsf.com/portfolio/,2,121,1.65%,16.06
https://casaslsf.com/blog/casas-que-nao-precisam-de-licenca,2,120,1.67%,10.23
https://casaslsf.com/blog/saiba-tudo-sobre-casas-modulares-em-aco-lsf,2,119,1.68%,29.75
https://casaslsf.com/portfolio/moradia-familiar-t2-em-aco-leve-chave-na-mao-70m2/,2,83,2.41%,8.95
https://casaslsf.com/wp-content/uploads/2022/11/Tabela-de-precos-obrasnet-2022.pdf,2,69,2.9%,15.39
https://casaslsf.com/blog/construir-casas-ate-100-mil,2,68,2.94%,19.71
https://casaslsf.com/blog/simulador-de-custo-de-construcao-de-casas-gratis-em-portugal,2,62,3.23%,14.9
https://casaslsf.com/blog/remodelacao-casa-de-banho-quanto-custa,2,59,3.39%,33.58
https://casaslsf.com/blog/empresas-de-construcao-civil-portugal,2,56,3.57%,45.32
https://casaslsf.com/blog/casa-contentor-uma-solucao-de-moradia-economica-e-sustentavel,2,54,3.7%,18.78
https://casaslsf.com/blog/casas-pre-fabricadas-precos?trk=article-ssr-frontend-pulse_x-social-details_comments-action_comment-text,2,51,3.92%,19.55
https://casaslsf.com/metodologia-construtiva,2,38,5.26%,9.21
https://casaslsf.com/deteccao-de-fugas-de-agua-como-identificar-prevenir-e-corrigir-problemas-de-vazamento/,2,34,5.88%,77.79
https://casaslsf.com/wp-content/uploads/2023/01/anexos-em-para-jardim-scaled.webp,2,10,20%,16.8
https://casaslsf.com/#Casas_lsf_precos,1,2555,0.04%,7.06
https://casaslsf.com/icf-preco-m2-tudo-o-que-voce-precisa-saber-antes-de-construir/#Tabela_de_precos_de_ICF_por_m2,1,1244,0.08%,8.13
https://casaslsf.com/pavilhoes-pre-fabricados-preco-m2/#Antes_de_comecar,1,881,0.11%,5.98
https://casaslsf.com/quanto-custa-um-projeto-de-arquitetura-em-portugal/,1,679,0.15%,11.29
https://casaslsf.com/blog/construir-moradia,1,629,0.16%,37.51
https://casaslsf.com/blog/quanto-custa-um-projeto-de-arquitetura-em-portugal,1,557,0.18%,16.78
https://casaslsf.com/construcao-de-casas-preco-por-metro-quadrado-em-portugal/,1,528,0.19%,14.9
https://casaslsf.com/blog/pequenas-reparacoes-construcao-civil,1,406,0.25%,45.41
https://casaslsf.com/blog/construcao-de-casas-preco-por-metro-quadrado-em-portugal,1,285,0.35%,19.94
https://casaslsf.com/casas-de-madeira-chave-na-mao-precos-vantagens-e-desvantagens/,1,263,0.38%,10.09
https://casaslsf.com/blog/terreno-rustico-legislacao,1,224,0.45%,15.76
https://casaslsf.com/blog/preco-demolicao-m2-2020,1,205,0.49%,7.81
https://casaslsf.com/how-much-does-it-cost-to-build-a-concrete-house-find-out-now/,1,197,0.51%,53.37
https://casaslsf.com/projetos-de-casas-ate-100-mil-euros-construa-sua-casa-dos-sonhos-sem-gastar-muito/,1,194,0.52%,3.14
https://casaslsf.com/fabricantes-de-bungalows-em-portugal-construa-sua-casa-de-ferias-perfeita-com-a-obrasnet/,1,186,0.54%,8.38
https://casaslsf.com/construa-a-casa-dos-seus-sonhos-com-o-sistema-icf-plastbau/,1,176,0.57%,5.22
https://casaslsf.com/simulador-de-orcamento-de-construcao-de-moradia/,1,164,0.61%,17.25
https://casaslsf.com/isolamento-acustico-para-discotecas/,1,160,0.62%,2.77
https://casaslsf.com/estrutura-telhado-de-aco-ou-madeira-qual-delas-a-mais-indicada/,1,159,0.63%,11.48
https://casaslsf.com/blog/reconstrucao-de-casas-antigas-precos,1,152,0.66%,19.89
https://casaslsf.com/o-que-inclui-uma-obra-chave-na-mao-descubra-agora/,1,149,0.67%,17.98
https://casaslsf.com/blog/o-que-inclui-uma-obra-chave-na-mao-descubra-agora,1,149,0.67%,20
https://casaslsf.com/remodelacoes-em-lisboa/,1,132,0.76%,61.36
https://casaslsf.com/blog/demolicao-de-casas-precos-e-dicas-pela-obrasnet,1,126,0.79%,8.14
https://casaslsf.com/steel-frame/,1,123,0.81%,5.82
https://casaslsf.com/que-tipos-de-obras-precisam-de-licenca-oque-ninguem-te-conta/,1,122,0.82%,6.62
https://casaslsf.com/blog/orcamento-de-construcao-civil-guia-completo-para-planejar-e-executar-projetos,1,120,0.83%,35.42
https://casaslsf.com/placa-mgo-lsf/,1,107,0.93%,10.31
https://casaslsf.com/blog/casas-modulares-precos-tudo-o-que-voce-precisa-saber-antes-de-comprar,1,103,0.97%,20.62
https://casaslsf.com/casas-contentores-chave-na-mao/,1,81,1.23%,4.84
https://casaslsf.com/casas-modulares-portugal-chave-na-mao/,1,75,1.33%,12.13
https://casaslsf.com/blog/iva-autoliquidacao-na-construcao-civil-em-2023-tudo-o-que-voce-precisa-saber,1,75,1.33%,17.31
https://casaslsf.com/blog/casas-de-madeira-chave-na-mao-precos-vantagens-e-desvantagens,1,74,1.35%,37.86
https://casaslsf.com/blog/demolicao-de-parede-guia-completo-para-remover-paredes-com-seguranca-e-eficiencia,1,60,1.67%,6.1
https://casaslsf.com/blog/steel-frame,1,43,2.33%,27.26
https://casaslsf.com/blog/placa-mgo-lsf,1,42,2.38%,6.12
https://casaslsf.com/blog/simulador-prestacao-credito-habitacao-calcule-a-sua-prestacao-mensal,1,42,2.38%,42.74
https://casaslsf.com/blog/licenca-alojamento-local,1,42,2.38%,44.88
https://casaslsf.com/blog/construcao-de-paredes-em-icf-plastbau-vantagens-e-desafios,1,40,2.5%,7.67
https://casaslsf.com/empresas-de-demolicoes-em-lisboa-como-escolher-a-melhor-opcao/,1,32,3.12%,23.25
https://casaslsf.com/blog/bungalows-romanticos-com-jacuzzi,1,30,3.33%,16.23
https://casaslsf.com/wp-content/uploads/2022/11/Casas-pre-fabricadas-T3.png,1,30,3.33%,16.6
https://casaslsf.com/projetos-de-casas-como-encontrar-a-casa-dos-seus-sonhos/,1,30,3.33%,17.23
https://casaslsf.com/blog/parque-de-campismo-3-rios-maravilha-bungalows,1,27,3.7%,14.56
https://casaslsf.com/termos,1,26,3.85%,5.62
https://casaslsf.com/blog/mais-habitacao-o-que-deve-saber-e-o-que-pode-fazer,1,25,4%,4.72
https://casaslsf.com/casas-em-betao-preco,1,23,4.35%,9.35
https://casaslsf.com/portfolio/casa-em-aco-leve-v3-1-com-15917m2-chave-na-mao/,1,20,5%,20.25
https://casaslsf.com/blog/empresas-de-demolicoes-em-lisboa-como-escolher-a-melhor-opcao,1,18,5.56%,17.72
https://casaslsf.com/blog/casas-modulares-uma-solucao-moderna-e-sustentavel,1,17,5.88%,50.35
https://casaslsf.com/blog/certificado-energetico-predios-anteriores-a-1951,1,14,7.14%,22.43
https://casaslsf.com/casa-em-painel-sandwich-precos-e-beneficios/#Casas_feitas_em_painel_sandwich,1,13,7.69%,8.92
https://casaslsf.com/blog/curso-lsf-portugal-2023-tudo-o-que-precisa-saber-para-comecar,1,12,8.33%,9
https://casaslsf.com/wp-content/uploads/2020/06/Empresas-construcao-LSF-lisboa.png,1,12,8.33%,14.17
https://casaslsf.com/blog/gabinete-de-arquitectura-lisboa,1,12,8.33%,54.58
https://casaslsf.com/blog/casas-devolutas-como-aproveitar-espacos-abandonados-para-melhorar-a-cidade-e-a-sociedade,1,10,10%,7.6
https://casaslsf.com/blog/casas-pequenas-modernas,1,8,12.5%,9.75
https://casaslsf.com/blog/recrutamento-oportunidade-de-estagio-na-obrasnet-construcoes-em-lsf,1,8,12.5%,16.75
https://casaslsf.com/wp-content/uploads/2023/01/Construir-moradia-preco-m2-chave-na-mao-3-scaled.webp,1,7,14.29%,7.71
https://casaslsf.com/blog/reabilitacao-de-edificios-em-lsf-o-que-e-e-como-funciona,1,6,16.67%,5.17
https://casaslsf.com/wp-content/uploads/2020/05/Casas-pré-fabricadas-preço-chave-na-mão.pdf,1,4,25%,3.75
https://casaslsf.com/governo-aprova-pacote-mais-habitacao-o-que-muda-para-o-setor-imobiliario/,1,3,33.33%,7.33
https://casaslsf.com/blog/tendencias-de-construcao-o-que-e-o-microcimento,1,2,50%,1.5
https://casaslsf.com/loja/page/2/?product_view=list&product_count=36&product_order=asc&add-to-cart=3348&paged=1,1,1,100%,12
https://casaslsf.com/wp-content/uploads/2022/12/cabana-de-madeira.png,1,1,100%,12
https://casaslsf.com/telhados-e-coberturas-precos/#Preco_m2_estrutura_metalica_para_telhado,0,2729,0%,8.36
https://casaslsf.com/telhados-e-coberturas-precos/#Orcamento_de_telhado_por_m2,0,2728,0%,8.49
https://casaslsf.com/#Casas_lsf,0,2557,0%,7.06
https://casaslsf.com/#Casas_lsf_vantagens,0,2554,0%,7.06
https://casaslsf.com/quanto-custa-um-telhado-de-100m²-em-portugal/#Fatores_que_influenciam_o_custo,0,1542,0%,10.61
https://casaslsf.com/quanto-custa-um-telhado-de-100m²-em-portugal/#Orcamento_total,0,1480,0%,10.68
https://casaslsf.com/quanto-custa-um-telhado-de-100m²-em-portugal/#Custos_dos_materiais,0,1419,0%,10.65
https://casaslsf.com/quanto-custa-um-telhado-de-100m²-em-portugal/#Introducao,0,1329,0%,10.73
https://casaslsf.com/icf-preco-m2-tudo-o-que-voce-precisa-saber-antes-de-construir/#Vantagens_do_uso_de_ICF_na_construcao,0,1237,0%,8.11
https://casaslsf.com/quanto-custa-um-telhado-de-100m²-em-portugal/#Calculo_da_quantidade_de_materiais,0,1219,0%,10.76
https://casaslsf.com/quanto-custa-um-telhado-de-100m²-em-portugal/#Outros_custos_envolvidos,0,1171,0%,10.74
https://casaslsf.com/pavilhoes-pre-fabricados-preco-m2/#Qual_e_o_melhor_tamanho_para_o_seu_pavilhao,0,1150,0%,6.11
https://casaslsf.com/pavilhoes-pre-fabricados-preco-m2/#Por_que_escolher_um_pavilhao_pre-fabricado,0,1120,0%,5.98
https://casaslsf.com/icf-preco-m2-tudo-o-que-voce-precisa-saber-antes-de-construir/#Desvantagens_do_uso_de_ICF_na_construcao,0,1019,0%,8.28
https://casaslsf.com/icf-preco-m2-tudo-o-que-voce-precisa-saber-antes-de-construir/#Quantificacao_Aproximada_De_Formas,0,1000,0%,8.3
https://casaslsf.com/pavilhoes-pre-fabricados-preco-m2/#Escolhendo_os_materiais_certos,0,903,0%,6.11
https://casaslsf.com/the-average-cost-to-build-a-1500-sq-ft-house-in-2023/,0,822,0%,14.18
https://casaslsf.com/gabinete-de-arquitectura-lisboa/,0,807,0%,48.77
https://casaslsf.com/descubra-as-10-melhores-empresas-de-construcao-lsf-em-2023/#O_que_sao_Empresas_de_Construcao_em_LSF,0,607,0%,7.15
https://casaslsf.com/descubra-as-10-melhores-empresas-de-construcao-lsf-em-2023/#Processo_de_Construcao_em_LSF,0,603,0%,7.17
https://casaslsf.com/como-construir-um-anexo-no-seu-quintal/#Passo_a_passo_para_construir_o_seu_anexo,0,558,0%,7.4
https://casaslsf.com/como-construir-um-anexo-no-seu-quintal/#Por_que_voce_precisa_de_um_anexo_no_seu_quintal,0,552,0%,7.39
https://casaslsf.com/casas-amoviveis-chave-na-mao/#Casas_amoviveis_com_rodas,0,483,0%,8.9
https://casaslsf.com/reconstrucao-de-casas-antigas-precos/,0,473,0%,10.83
https://casaslsf.com/como-construir-um-anexo-no-seu-quintal/#Entao_quais_sao_os_valores_associados_para_legalizar_um_anexo,0,472,0%,7.43
https://casaslsf.com/casas-amoviveis-chave-na-mao/#Licenciamento_de_casas_amoviveis,0,470,0%,9.13
https://casaslsf.com/casas-em-betao-preco/,0,469,0%,5.44
https://casaslsf.com/como-construir-um-anexo-no-seu-quintal/#O_que_e_considerado_um_anexo,0,468,0%,7.44
https://casaslsf.com/como-construir-um-anexo-no-seu-quintal/#Que_tipos_de_obras_precisam_de_licenca,0,467,0%,7.43
https://casaslsf.com/casas-amoviveis-chave-na-mao/#Licenciamento_casas_contentores_8211_legislacao_de_suporte,0,466,0%,9.11
https://casaslsf.com/quanto-custa-construir-uma-moradia-em-2023/,0,440,0%,22.5
https://casaslsf.com/casas-amoviveis-chave-na-mao/#Casas_amoviveis_com_rodas_e_legislacao,0,419,0%,8.59
https://casaslsf.com/descubra-as-10-melhores-empresas-de-construcao-lsf-em-2023/#Principais_Aplicacoes_da_Construcao_em_LSF,0,415,0%,7.28
https://casaslsf.com/preco-da-mao-de-obra-na-construcao-civil-em-portugal-guia-completo/#3_Estimativa_de_Precos_para_Mao_de_Obra_na_Construcao_Civil_em_Portugal,0,405,0%,9.15
https://casaslsf.com/casas-amoviveis-chave-na-mao/#Casas_amoviveis_precos,0,393,0%,8.8
https://casaslsf.com/preco-da-mao-de-obra-na-construcao-civil-em-portugal-guia-completo/#1_Fatores_que_Influenciam_o_Preco_da_Mao_de_Obra,0,383,0%,9.12
https://casaslsf.com/preco-da-mao-de-obra-na-construcao-civil-em-portugal-guia-completo/#2_Tipos_de_Preco_da_Mao_de_Obra,0,362,0%,9.19
https://casaslsf.com/demolicao-de-casas-precos-e-dicas-pela-obrasnet/,0,325,0%,5.91
https://casaslsf.com/casas-pre-fabricadas-uma-solucao-sustentavel-para-moradias/,0,309,0%,1.53
https://casaslsf.com/pequenas-reparacoes-construcao-civil/,0,306,0%,22.88
https://casaslsf.com/empresas-de-construcao-civil-portugal/,0,303,0%,65.33
https://casaslsf.com/blog/how-much-does-it-cost-to-build-a-house-in-2023,0,288,0%,63.06
https://casaslsf.com/demolicao-de-paredes-interiores/,0,273,0%,4.69
https://casaslsf.com/blog/quanto-custa-construir-uma-moradia-em-2023,0,266,0%,27.19
https://casaslsf.com/o-que-e-o-osb-uma-introducao-ao-oriented-strand-board/,0,258,0%,13.49
https://casaslsf.com/como-desentupir-canos-com-coca-cola-um-guia-completo/#Como_desentupir_canos_com_Coca-Cola_passo_a_passo,0,241,0%,8.5
https://casaslsf.com/como-desentupir-canos-com-coca-cola-um-guia-completo/#Dicas_adicionais_para_desentupir_canos_com_Coca-Cola,0,241,0%,8.5
https://casaslsf.com/incentivos-para-a-recuperacao-de-casas-antigas-2023/,0,239,0%,43.2
https://casaslsf.com/construcao-off-site/,0,239,0%,55.64
https://casaslsf.com/como-desentupir-canos-com-coca-cola-um-guia-completo/#Quais_os_materiais_necessarios_para_desentupir_canos_com_Coca-Cola,0,237,0%,8.48
https://casaslsf.com/blog/o-que-e-o-osb-uma-introducao-ao-oriented-strand-board,0,236,0%,37.87
https://casaslsf.com/page/16/?m=cp&a=blk,0,225,0%,10.78
https://casaslsf.com/casas-modulares-precos-tudo-o-que-voce-precisa-saber-antes-de-comprar/,0,220,0%,3.5
https://casaslsf.com/como-desentupir-canos-20-metodos-eficazes-para-resolver-esse-problema-comum/,0,218,0%,71.98
https://casaslsf.com/como-desentupir-canos-com-coca-cola-um-guia-completo/#O_que_e_Coca-Cola_e_como_ela_funciona_para_desentupir_canos,0,215,0%,8.48
https://casaslsf.com/blog/como-desentupir-a-lava-loucas-dicas-simples-e-eficazes,0,213,0%,33.51
https://casaslsf.com/reconstrucao-de-casas-antigas-precos-um-guia-completo/,0,210,0%,3.2
https://casaslsf.com/o-que-e-preciso-para-construir-uma-moradia/,0,198,0%,2.13
https://casaslsf.com/blog/vantagens-desvantagens-casas-aco-leve,0,191,0%,34.09
https://casaslsf.com/blog/casas-pre-fabricadas-baratas,0,191,0%,35.66
https://casaslsf.com/icf-construcao-portugal-preco-chave-na-mao/#O_que_e_ICF,0,188,0%,8.93
https://casaslsf.com/icf-construcao-portugal-preco-chave-na-mao/#Vantagens_da_construcao_com_ICF,0,188,0%,8.93
https://casaslsf.com/casas-pre-fabricadas-baratas/,0,184,0%,42.1
https://casaslsf.com/simulador-de-credito-habitacao-tudo-o-que-precisa-saber-antes-de-comprar-casa/,0,173,0%,71.88
https://casaslsf.com/parque-de-campismo-3-rios-maravilha-bungalows/,0,163,0%,7.55
https://casaslsf.com/blog/descubra-como-economizar-com-a-construcao-em-betao,0,156,0%,1.75
https://casaslsf.com/casas-pre-fabricadas-precos-tudo-o-que-voce-precisa-saber/,0,150,0%,1.29
https://casaslsf.com/blog/the-average-cost-to-build-a-1500-sq-ft-house-in-2023,0,147,0%,68.18
https://casaslsf.com/blog/how-much-does-it-cost-to-build-a-concrete-house-find-out-now,0,144,0%,47.35
https://casaslsf.com/casas-modulares-100-financiamento-a-solucao-para-adquirir-sua-casa-propria/#Como_obter_um_financiamento_de_100_para_sua_casa_modular,0,143,0%,10.17
https://casaslsf.com/construcao-modular-em-portugal/,0,143,0%,18.82
https://casaslsf.com/blog/quanto-custa-renovar-um-apartamento-preco-medio,0,140,0%,7.98
https://casaslsf.com/blog/icf-construcao-conheca-as-desvantagens,0,138,0%,9.08
https://casaslsf.com/casas-modulares-100-financiamento-a-solucao-para-adquirir-sua-casa-propria/#Como_funcionam_as_casas_modulares_100_financiamento,0,136,0%,10.25
https://casaslsf.com/empresas-de-construcao-chave-na-mao-lisboa/,0,135,0%,7.79
https://casaslsf.com/saiba-tudo-sobre-casas-modulares-em-aco-lsf/,0,134,0%,16.2
https://casaslsf.com/processo-de-urbanizacao-de-terreno-rustico-etapas-e-custos-envolvidos/,0,132,0%,2.89
https://casaslsf.com/pavimento-pave-preco-por-m2-guia-completo-para-voce/#O_que_e_pavimento_pave,0,127,0%,10.21
https://casaslsf.com/pavimento-pave-preco-por-m2-guia-completo-para-voce/#Vantagens_e_desvantagens_do_pavimento_pave,0,125,0%,10.26
https://casaslsf.com/gabinete-de-arquitetura/,0,124,0%,50.06
https://casaslsf.com/how-much-does-it-cost-to-build-a-house-in-2023/,0,121,0%,6.93
https://casaslsf.com/microcimento-precos-e-orcamentos/,0,121,0%,9.02
https://casaslsf.com/casas-modulares-a-solucao-moderna-para-construcao-de-moradias/,0,120,0%,2.89
https://casaslsf.com/casas-pre-fabricadas-em-portugal-uma-opcao-rapida-economica-e-sustentavel-para-a-construcao-de-residencias/,0,120,0%,11.08
https://casaslsf.com/20-fachadas-de-casas-que-deve-ver-agora-mesmo-para-se-inspirar-ao-maximo/,0,118,0%,7.38
https://casaslsf.com/blog/casas-modulares-100-financiamento-a-solucao-para-adquirir-sua-casa-propria,0,114,0%,7.24
https://casaslsf.com/pavimento-pave-preco-por-m2-guia-completo-para-voce/#Qual_e_o_preco_medio_do_pavimento_pave_por_m,0,113,0%,10.17
https://casaslsf.com/casa-contentor-uma-solucao-de-moradia-economica-e-sustentavel/,0,113,0%,20.07
https://casaslsf.com/casas-modulares-100-financiamento-a-solucao-para-adquirir-sua-casa-propria/#Vantagens_de_adquirir_uma_casa_modular_100_financiamento,0,112,0%,10.12
https://casaslsf.com/casas-pequenas-modernas/,0,111,0%,7.32
https://casaslsf.com/orcamento-online-pavilhao-pre-fabricado/,0,111,0%,42.18
https://casaslsf.com/our-work/,0,110,0%,14.6
https://casaslsf.com/pavimento-pave-preco-por-m2-guia-completo-para-voce/#O_que_afeta_o_preco_do_pavimento_pave,0,109,0%,10.22
https://casaslsf.com/cabana-infantil-para-criancas-materiais-dicas-e-fotos/,0,107,0%,3.01
https://casaslsf.com/como-obter-credito-habitacao-para-casas-modulares-ou-pre-fabricadas/#Opcoes_de_credito_habitacao_para_casas_modulares_e_pre-fabricadas,0,106,0%,7.6
https://casaslsf.com/descubra-os-segredos-para-projetar-casas-pequenas-incriveis/,0,105,0%,1.45
https://casaslsf.com/como-obter-credito-habitacao-para-casas-modulares-ou-pre-fabricadas/#Documentacao_necessaria_para_obter_credito_habitacao_para_casas_modulares_e_pre-fabricadas,0,105,0%,7.6
https://casaslsf.com/blog/empresas-de-construcao-chave-na-mao-lisboa,0,104,0%,35.43
https://casaslsf.com/aquecimento-central-e-aguas-sanitarias-tudo-o-que-voce-precisa-saber/,0,101,0%,9.01
https://casaslsf.com/quanto-custa-renovar-um-apartamento-preco-medio/,0,101,0%,10.47
https://casaslsf.com/preco-demolicao-m2-2020/,0,101,0%,13.18
https://casaslsf.com/casas-chave-na-mao-precos-e-como-funciona-o-obrasnet/,0,100,0%,6
https://casaslsf.com/construir-casas-para-vender/,0,100,0%,7.01
https://casaslsf.com/blog/light-steel-framing,0,100,0%,12.71
https://casaslsf.com/demolicao-de-parede-guia-completo-para-remover-paredes-com-seguranca-e-eficiencia/,0,98,0%,3.08
https://casaslsf.com/contrato-coletivo-de-trabalho-construcao-civil/,0,96,0%,6.77
https://casaslsf.com/reformar-casas-devolutas-o-que-precisa-saber/,0,96,0%,10.47
https://casaslsf.com/blog/quanto-custa-casa-lsf-portugal,0,95,0%,4.19
https://casaslsf.com/blog/icf-construcao-portugal-preco,0,95,0%,16.92
https://casaslsf.com/garagens-modulares-e-pre-fabricadas-precos/#Garagens_modulares_e_pre_fabricadas,0,94,0%,8.83
https://casaslsf.com/garagens-modulares-e-pre-fabricadas-precos/#Licenca,0,94,0%,8.83
https://casaslsf.com/garagens-modulares-e-pre-fabricadas-precos/#Madeira,0,94,0%,8.83
https://casaslsf.com/blog/construcao-de-casas-passo-a-passo,0,91,0%,37.18
https://casaslsf.com/blog/incentivos-para-a-recuperacao-de-casas-antigas-2023,0,90,0%,50.27
https://casaslsf.com/blog/que-tipos-de-obras-precisam-de-licenca-oque-ninguem-te-conta,0,88,0%,16.53
https://casaslsf.com/page/10/?m=cp&a=blk,0,85,0%,15.02
https://casaslsf.com/mapa-da-mina/,0,85,0%,37.71
https://casaslsf.com/blog/casas-chave-na-mao-precos-e-como-funciona-o-obrasnet,0,82,0%,30.89
https://casaslsf.com/blog/processo-de-urbanizacao-de-terreno-rustico-etapas-e-custos-envolvidos,0,81,0%,4.84
https://casaslsf.com/como-obter-credito-habitacao-para-casas-modulares-ou-pre-fabricadas/#Como_escolher_a_melhor_opcao_de_credito_habitacao_para_casas_modulares_e_pre-fabricadas,0,78,0%,7.55
https://casaslsf.com/blog/deteccao-de-fugas-de-agua-como-identificar-prevenir-e-corrigir-problemas-de-vazamento,0,78,0%,39.36
https://casaslsf.com/simulador-prestacao-credito-habitacao-calcule-a-sua-prestacao-mensal/,0,78,0%,76.55
https://casaslsf.com/descubra-como-economizar-com-a-construcao-em-betao/,0,75,0%,1.35
https://casaslsf.com/blog/casas-pre-fabricadas-da-cgd-como-funciona-vantagens-e-dicas,0,75,0%,9.08
https://casaslsf.com/construcao-modular-para-casas-ecologicas/,0,75,0%,19.19
https://casaslsf.com/metodos,0,73,0%,2.92
https://casaslsf.com/bungalows-romanticos-com-jacuzzi/,0,73,0%,6.93
https://casaslsf.com/casas-de-contentores-pre-fabricadas-uma-solucao-acessivel-e-sustentavel/,0,73,0%,17.05
https://casaslsf.com/casas-pre-fabricadas-da-cgd-como-funciona-vantagens-e-dicas/,0,70,0%,2.74
https://casaslsf.com/blog/construa-a-casa-dos-seus-sonhos-com-o-sistema-icf-plastbau,0,66,0%,12.17
https://casaslsf.com/blog/empresas-de-construcao-em-lsf-tudo-o-que-precisa-saber,0,66,0%,17.53
https://casaslsf.com/blog/isolamento-termico-predios-lisboa,0,64,0%,9.48
https://casaslsf.com/certificado-energetico-para-casas-antigas/,0,63,0%,10.94
https://casaslsf.com/casas-devolutas-como-aproveitar-espacos-abandonados-para-melhorar-a-cidade-e-a-sociedade/,0,62,0%,1.47
https://casaslsf.com/casas-pre-fabricadas-em-betao/,0,62,0%,17.82
https://casaslsf.com/blog/reconstrucao-de-casas-antigas-precos-um-guia-completo,0,59,0%,3.51
https://casaslsf.com/casa-modular-descubra-10-modelos-para-inspiracao/,0,59,0%,9.92
https://casaslsf.com/casas-modulares-o-guia-definitivo-para-inovar-na-construcao-do-seu-lar/,0,57,0%,1.67
https://casaslsf.com/blog/casas-contentores-precos-portugal-uma-alternativa-sustentavel-para-a-habitacao,0,57,0%,11.63
https://casaslsf.com/blog/demolicao-de-paredes-interiores,0,57,0%,16.98
https://casaslsf.com/blog/lsf-houses,0,56,0%,5.05
https://casaslsf.com/habitacao-pronta-lsf/,0,56,0%,6.89
https://casaslsf.com/tendencias-de-construcao-o-que-e-o-microcimento/,0,55,0%,4.76
https://casaslsf.com/blog/como-desentupir-canos-20-metodos-eficazes-para-resolver-esse-problema-comum,0,55,0%,42.44
https://casaslsf.com/blog/construcao-em-icf-portugal,0,53,0%,10.98
https://casaslsf.com/blog/empresas-de-aplicacao-de-pladur,0,53,0%,13.72
https://casaslsf.com/descubra-como-e-possivel-obter-credito-habitacao-para-casas-modulares-ou-pre-fabricadas/,0,52,0%,10.35
https://casaslsf.com/tabela-preco-construcao-civil-metro-quadrado-2023-portugal-guia-completo/#Como_a_tabela_preco_construcao_civil_metro_quadrado_2023_pode_impactar_seu_projeto,0,52,0%,10.42
https://casaslsf.com/tabela-preco-construcao-civil-metro-quadrado-2023-portugal-guia-completo/#O_que_e_tabela_preco_construcao_civil_metro_quadrado_2023,0,52,0%,10.42
https://casaslsf.com/iva-autoliquidacao-na-construcao-civil-em-2023-tudo-o-que-voce-precisa-saber/,0,51,0%,23.33
https://casaslsf.com/blog/construcao-modular-em-portugal,0,51,0%,31.49
https://casaslsf.com/tabela-preco-construcao-civil-metro-quadrado-2023-portugal-guia-completo/#Como_utilizar_a_tabela_preco_construcao_civil_metro_quadrado_2023,0,49,0%,10.39
https://casaslsf.com/descubra-as-vantagens-da-construcao-modular-em-aco-para-sua-obra/,0,48,0%,3.5
https://casaslsf.com/blog/revestimentos-e-acabamentos-dicas-e-erros-em-construcoes-lsf,0,45,0%,7.4
https://casaslsf.com/casas-modulares-e-pre-fabricadas-uma-alternativa-habitacao-emergente/,0,44,0%,1.11
https://casaslsf.com/portfolio/modelo-250-m²/,0,43,0%,5.12
https://casaslsf.com/blog/onde-comprar-casas-pre-fabricadas-guia-completo,0,43,0%,15
https://casaslsf.com/blog/reformar-casas-devolutas-o-que-precisa-saber,0,43,0%,20.56
https://casaslsf.com/pequenas-reparacoes-construcao-civil/#Obras_interiores_isentas_de_licenca,0,42,0%,10.24
https://casaslsf.com/pequenas-reparacoes-construcao-civil/#Pequenas_obras_e_reparacoes,0,42,0%,10.24
https://casaslsf.com/modulos-pre-fabricados-uma-solucao-pratica-para-construcoes-rapidas-e-eficientes/,0,42,0%,13.36
https://casaslsf.com/empresa-de-demolicoes/,0,42,0%,28.64
https://casaslsf.com/aviso-de-obras-saiba-como-se-preparar-e-minimizar-transtornos-locais/,0,41,0%,22.63
https://casaslsf.com/remodelacao-casa-de-banho-quanto-custa/,0,41,0%,35.05
https://casaslsf.com/onde-comprar-casas-pre-fabricadas-guia-completo/,0,38,0%,1.32
https://casaslsf.com/orcamento-de-construcao-civil-guia-completo-para-planejar-e-executar-projetos/,0,38,0%,11.39
https://casaslsf.com/blog/casas-pre-fabricadas-em-portugal-uma-opcao-rapida-economica-e-sustentavel-para-a-construcao-de-residencias,0,38,0%,43.5
https://casaslsf.com/blog/o-guia-definitivo-para-bangalos-tudo-o-que-voce-precisa-saber-sobre-o-preco-chave-na-mao,0,37,0%,6.57
https://casaslsf.com/blog/construcao-em-aco-leve-a-solucao-inovadora-para-a-sua-obra,0,37,0%,44.92
https://casaslsf.com/blog/descubra-como-e-possivel-obter-credito-habitacao-para-casas-modulares-ou-pre-fabricadas,0,36,0%,15.44
https://casaslsf.com/blog/estrutura-metalica,0,36,0%,24.58
https://casaslsf.com/tabela-preco-construcao-civil-metro-quadrado-2023-portugal-guia-completo/#Principais_fatores_que_influenciam_o_preco_da_construcao_civil_em_Portugal,0,35,0%,10.97
https://casaslsf.com/blog/concrete-homes-vs-traditional-homes-which-is-right-for-you,0,34,0%,27.91
https://casaslsf.com/blog/empresa-de-remodelacoes-gerais,0,34,0%,59.09
https://casaslsf.com/blog/casas-modulares-e-pre-fabricadas-uma-alternativa-habitacao-emergente,0,33,0%,16.79
https://casaslsf.com/blog/construir-casas-para-vender,0,32,0%,7.31
https://casaslsf.com/blog/habitacao-pronta-lsf,0,32,0%,19.66
https://casaslsf.com/vantagens-e-desvantagens-do-concreto-armado/,0,32,0%,26.72
https://casaslsf.com/blog/remodelacoes-em-lisboa,0,32,0%,43.62
https://casaslsf.com/blog/o-que-e-preciso-para-construir-uma-moradia,0,32,0%,55.72
https://casaslsf.com/wp-content/uploads/2020/03/Casas-Pré-fabricadas-lisboa.png,0,29,0%,18.62
https://casaslsf.com/blog,0,29,0%,25.66
https://casaslsf.com/blog/vantagens-e-desvantagens-do-concreto-armado,0,28,0%,29.39
https://casaslsf.com/preciso-de-licenca-ou-permissao-para-demolir-minha-casa/,0,27,0%,7.19
https://casaslsf.com/empresas-de-montagem-de-telhados-sandwich/#Isolamento_Termico_nos_Telhados_Sandwich,0,27,0%,11.11
https://casaslsf.com/empresas-de-montagem-de-telhados-sandwich/#Tipos_de_Telhados_de_Chapa_Sandwich,0,27,0%,11.11
https://casaslsf.com/como-as-taxas-de-juros-afetam-suas-financas-pessoais-voce-precisa-saber/,0,26,0%,1.19
https://casaslsf.com/casas-modulares-uma-solucao-moderna-e-sustentavel/,0,26,0%,7.31
https://casaslsf.com/blog/cabana-infantil-para-criancas-materiais-dicas-e-fotos,0,26,0%,9.15
https://casaslsf.com/blog/casa-em-aco-leve-passive-house,0,26,0%,21.88
https://casaslsf.com/blog/construa-seu-sonho-como-pedir-credito-para-comprar-terreno-e-construir-a-casa-dos-seus-sonhos,0,26,0%,50.54
https://casaslsf.com/financiamento/,0,25,0%,7.84
https://casaslsf.com/licenca-alojamento-local/,0,25,0%,9.8
https://casaslsf.com/isolamento-termico-predios-lisboa/,0,25,0%,14
https://casaslsf.com/concrete-homes-vs-traditional-homes-which-is-right-for-you/,0,25,0%,17.12
https://casaslsf.com/blog/descubra-como-o-simulador-de-orcamentos-pode-te-ajudar-a-economizar-em-seus-projetos,0,25,0%,24.08
https://casaslsf.com/wp-content/uploads/2022/11/Imagen11.png,0,24,0%,13.46
https://casaslsf.com/blog/preciso-de-licenca-ou-permissao-para-demolir-minha-casa,0,23,0%,6.91
https://casaslsf.com/blog/microcimento-precos-e-orcamentos,0,23,0%,9.09
https://casaslsf.com/wp-content/uploads/2023/01/Construir-moradia-por-150-mil-euros-2-1.png,0,23,0%,12.35
https://casaslsf.com/blog/aquecimento-central-e-aguas-sanitarias-tudo-o-que-voce-precisa-saber,0,23,0%,47.96
https://casaslsf.com/melhor-empresa-de-casas-modulares-em-portugal/,0,23,0%,74.57
https://casaslsf.com/casas-em-betao-preco/#Fatores_que_influenciam_o_preco_das_casas_em_betao,0,22,0%,10.09
https://casaslsf.com/casas-em-betao-preco/#O_que_sao_casas_em_betao,0,22,0%,10.09
https://casaslsf.com/casas-em-estrutura-metalica/#Construcao_de_Casas_em_LSF_VS_Alvenaria,0,21,0%,9.14
https://casaslsf.com/blog/demolicao-de-casas-antigas-tudo-o-que-precisa-saber,0,21,0%,9.38
https://casaslsf.com/blog/fabricantes-de-bungalows-em-portugal-construa-sua-casa-de-ferias-perfeita-com-a-obrasnet,0,21,0%,11
https://casaslsf.com/icf-construcao-portugal-preco/,0,21,0%,22.43
https://casaslsf.com/blog/como-pedir-apoio-no-credito-a-habitacao-regras-e-procedimentos,0,21,0%,34.29
https://casaslsf.com/pavilhao-modular-precos/#Pavilhao_modular_precos,0,20,0%,8.75
https://casaslsf.com/pavilhao-modular-precos/#Pavilhoes_pre-fabricados,0,20,0%,8.75
https://casaslsf.com/wp-content/uploads/2023/01/quanto-custa-construir-uma-moradia-t3-terrea-1-1-scaled.webp,0,20,0%,13.3
https://casaslsf.com/wp-content/uploads/2023/01/Construir-moradia-preco-m2-chave-na-mao-4-scaled.webp,0,20,0%,15.15
https://casaslsf.com/wp-content/uploads/2023/04/Flaviano_Souza_Casa_com_vidro_em_estilo_contemporneo_cd885504-c959-4146-84b3-98ac2430feb9.png,0,20,0%,18.15
https://casaslsf.com/blog/empresa-de-demolicoes,0,19,0%,14.32
https://casaslsf.com/blog/simulador-de-credito-habitacao-tudo-o-que-precisa-saber-antes-de-comprar-casa,0,19,0%,57.68
https://casaslsf.com/como-funciona,0,18,0%,3.5
https://casaslsf.com/casas-em-estrutura-metalica/#Os_Metais_Mais_Utilizados_nas_Estruturas_Metalicas,0,18,0%,9
https://casaslsf.com/casas-em-estrutura-metalica/#Casas_em_Light_Steel_Frame_Portugal,0,18,0%,9.39
https://casaslsf.com/blog/cabanas-de-madeira-preco,0,18,0%,26.78
https://casaslsf.com/news/,0,18,0%,27.67
https://casaslsf.com/descubra-as-regras-para-obter-apoio-no-credito-a-habitacao/,0,18,0%,31.83
https://casaslsf.com/programa-mais-habitacao-como-pedir/,0,17,0%,6.24
https://casaslsf.com/blog/renovacao-de-licenca-de-habitacao,0,17,0%,6.41
https://casaslsf.com/blog/20-fachadas-de-casas-que-deve-ver-agora-mesmo-para-se-inspirar-ao-maximo,0,17,0%,7.76
https://casaslsf.com/sistema-knauf-oversize-o-que-e-e-como-funciona/,0,17,0%,11.41
https://casaslsf.com/empresas-de-montagem-de-telhados-sandwich/#O_Que_e_o_Telhado_Sandwich,0,17,0%,11.47
https://casaslsf.com/empresas-de-montagem-de-telhados-sandwich/#Quais_Sao_as_Vantagens_do_Telhado_Sandwich,0,17,0%,11.47
https://casaslsf.com/blog/empresas-estruturas-metalicas,0,17,0%,23.41
https://casaslsf.com/construcao-em-aco-leve-a-solucao-inovadora-para-a-sua-obra/,0,16,0%,1
https://casaslsf.com/vale-a-pena-vender-um-apartamento-para-construir-uma-casa-em-lsf-em-2023/,0,16,0%,3.5
https://casaslsf.com/wp-content/uploads/2020/06/Moradia-T3-Lisboa-com120M2.png,0,16,0%,8.25
https://casaslsf.com/certificado-energetico-predios-anteriores-a-1951/,0,16,0%,12.75
https://casaslsf.com/wp-content/uploads/2023/05/Flaviano_Souza_casa_aconchegante_e_confortvel_um_modelo_estilo__66869e93-67fd-48f7-9d79-d4b07cb1db78.png,0,16,0%,19.88
https://casaslsf.com/empresas-de-construcao-em-lsf-tudo-o-que-precisa-saber/,0,16,0%,23.38
https://casaslsf.com/blog/conheca-as-vantagens-da-construcao-em-lsf,0,16,0%,31.81
https://casaslsf.com/casas-que-nao-precisam-de-licenca/#Dicas_para_construir_e_manter_uma_casa_que_nao_precisa_de_licenca,0,15,0%,8.73
https://casaslsf.com/casas-que-nao-precisam-de-licenca/#Introducao,0,15,0%,8.73
https://casaslsf.com/contato/,0,15,0%,10.47
https://casaslsf.com/wp-content/uploads/2020/06/Moradia-T3-Lisboa-com170M2.png,0,15,0%,14.2
https://casaslsf.com/wp-content/uploads/2022/12/casa-de-banho-antes-e-depois-1-1.jpg,0,15,0%,21.07
https://casaslsf.com/wp-content/uploads/2022/12/Remodelacao-casa-de-banho-antes-e-depois-3.jpg,0,15,0%,21.8
https://casaslsf.com/casa-em-aco-leve-passive-house/,0,15,0%,31.13
https://casaslsf.com/blog/construcao-de-casas-em-betao-ecologico-tudo-o-que-precisa-saber,0,15,0%,41.13
https://casaslsf.com/blog?categoria=icf-plastbau,0,15,0%,90.8
https://casaslsf.com/produto-etiqueta/cobertura/?add-to-cart=3157&product_order=asc&product_view=list&product_count=12&product_orderby=default,0,14,0%,1.71
https://casaslsf.com/blog/contratos-de-credito-para-aquisicao-ou-construcao-de-habitacao-propria-permanente,0,14,0%,7.93
https://casaslsf.com/casa-em-painel-sandwich-precos-e-beneficios/#Contentores_em_painel_sandwich,0,13,0%,8.92
https://casaslsf.com/wp-content/uploads/2019/12/casas-modulares-1024x731.jpg,0,13,0%,14.31
https://casaslsf.com/wp-content/uploads/2020/06/Image8.png,0,13,0%,17.23
https://casaslsf.com/blog/descubra-as-regras-para-obter-apoio-no-credito-a-habitacao,0,12,0%,4.17
https://casaslsf.com/construcao-de-estrutura-de-aco/,0,12,0%,8.75
https://casaslsf.com/blog/descubra-como-conseguir-credito-habitacao-em-portugal,0,12,0%,14.67
https://casaslsf.com/blog/projetos-de-casas-como-encontrar-a-casa-dos-seus-sonhos,0,12,0%,22.58
https://casaslsf.com/blog/modulos-pre-fabricados-uma-solucao-pratica-para-construcoes-rapidas-e-eficientes,0,12,0%,53.92
https://casaslsf.com/micro-loft-a-venda-em-portugal/,0,11,0%,5.09
https://casaslsf.com/casa-em-painel-sandwich-precos-e-beneficios/#O_que_sao_paineis_sandwich,0,11,0%,8.91
https://casaslsf.com/blog/construcao-modular-para-casas-ecologicas,0,11,0%,20.45
https://casaslsf.com/blog/casas-de-contentores-pre-fabricadas-uma-solucao-acessivel-e-sustentavel,0,11,0%,37.73
https://casaslsf.com/empresa-de-remodelacoes-gerais/,0,11,0%,38.27
https://casaslsf.com/wp-content/uploads/2023/01/anexo-scaled.webp,0,10,0%,15.3
https://casaslsf.com/como-pedir-apoio-no-credito-a-habitacao-regras-e-procedimentos/,0,10,0%,26.2
https://casaslsf.com/blog/descubra-as-vantagens-da-construcao-modular-em-aco-para-sua-obra,0,10,0%,30.4
https://casaslsf.com/blog/empresa-de-construcao,0,10,0%,32.7
https://casaslsf.com/aprenda-a-construir-de-forma-sustentavel-e-economize-dinheiro-com-o-curso-construir-em-lsf-online/,0,10,0%,37.2
https://casaslsf.com/blog/orcamento-de-remodelacao-cascais-como-conseguir-o-melhor-preco-para-a-sua-renovacao,0,10,0%,60.7
https://casaslsf.com/blog/casas-modulares-o-guia-definitivo-para-inovar-na-construcao-do-seu-lar,0,9,0%,2.89
https://casaslsf.com/blog/mais-habitacao-novo-programa-aprovado-pelo-conselho-de-ministros,0,9,0%,3.89
https://casaslsf.com/blog/projecto-arquitectura-casa-lsf,0,9,0%,7.56
https://casaslsf.com/wp-content/uploads/2020/05/Moradia-familiar-em-lsf.png,0,9,0%,10.11
https://casaslsf.com/blog/simulador-de-construcao-online-como-criar-projetos-de-construcao-incriveis,0,9,0%,10.78
https://casaslsf.com/wp-content/uploads/2023/01/Construir-moradia-por-100-mil-euros-1-2-scaled.webp,0,9,0%,12.56
https://casaslsf.com/loja/,0,9,0%,12.89
https://casaslsf.com/blog/certificado-energetico-para-casas-antigas,0,9,0%,13.44
https://casaslsf.com/simulador-de-construcao-online-como-criar-projetos-de-construcao-incriveis/,0,9,0%,48.22
https://casaslsf.com/page/18/?m=cp&a=blk,0,8,0%,2.62
https://casaslsf.com/privacidade,0,8,0%,4.62
https://casaslsf.com/news/page/30/,0,8,0%,5
https://casaslsf.com/blog/simplificar-o-licenciamento-para-projetos-de-arquitetura-e-especialidades-2,0,8,0%,5.75
https://casaslsf.com/portfolio/modelo-36-m2/,0,8,0%,7.25
https://casaslsf.com/construcao-em-icf-portugal/#O_Que_e_a_Construcao_ICF,0,8,0%,8.5
https://casaslsf.com/construcao-em-icf-portugal/#O_Que_se_Pode_Construir_com_o_Sistema_ICF,0,8,0%,8.5
https://casaslsf.com/blog/casas-pre-fabricadas-uma-solucao-sustentavel-para-moradias,0,8,0%,19.38
https://casaslsf.com/wp-content/uploads/2023/01/casas-modulares-t1-precos-baratos.webp,0,8,0%,19.38
https://casaslsf.com/recrutamento-oportunidade-de-estagio-na-obrasnet-construcoes-em-lsf/,0,7,0%,1.86
https://casaslsf.com/blog/descubra-os-segredos-para-projetar-casas-pequenas-incriveis,0,7,0%,2.86
https://casaslsf.com/portfolio/modelo-62-m2/,0,7,0%,4.29
https://casaslsf.com/news/page/33/,0,7,0%,7.14
https://casaslsf.com/blog/como-pedir-credito-habitacao-guia-completo-para-comprar-casa,0,7,0%,8.43
https://casaslsf.com/blog/construcao-off-site,0,7,0%,9.57
https://casaslsf.com/blog/placa-mgo-lsf?product_view=list,0,7,0%,12.43
https://casaslsf.com/wp-content/uploads/2023/05/Flaviano_Souza_casa_com_uma_aparncia_moderna_e_elegante_um_mode_776dda6c-70e1-4158-8951-0b4727c07b20.png,0,7,0%,12.43
https://casaslsf.com/wp-content/uploads/2023/01/Construir-moradia-t3-barato-1-scaled.webp,0,7,0%,22.29
https://casaslsf.com/blog/casas-pre-fabricadas-precos-tudo-o-que-voce-precisa-saber,0,7,0%,30
https://casaslsf.com/blog/descubra-como-o-novo-pacote-habitacional-do-governo-pode-beneficiar-voce,0,6,0%,1.83
https://casaslsf.com/blog/o-spread-para-casas-modulares-e-pre-fabricadas,0,6,0%,4.33
https://casaslsf.com/blog/por-causa-das-chuvas-a-casa-ficou-inundada-precos-low-cost-2023,0,6,0%,4.33
https://casaslsf.com/reabilitacao-de-edificios-em-lsf-o-que-e-e-como-funciona/,0,6,0%,5.67
https://casaslsf.com/web-stories/como-construir-uma-casa/,0,6,0%,6.67
https://casaslsf.com/wp-content/uploads/2015/02/projeto-casa-modular-100m2-2D.jpg,0,6,0%,12
https://casaslsf.com/wp-content/uploads/2022/12/casas-em-estrutura-metalica-em-LSF.jpeg,0,6,0%,12.17
https://casaslsf.com/blog/telhado-lsf-preco-m2?product_order=asc,0,6,0%,12.5
https://casaslsf.com/wp-content/uploads/2023/01/Construir-moradia-por-150-mil-1-scaled.webp,0,6,0%,16.17
https://casaslsf.com/wp-content/uploads/2020/05/Moradia-Familiar-T3-em-Aço-Leve-Chave-na-Mão-100M2.png,0,6,0%,21
https://casaslsf.com/wp-content/uploads/2023/01/painel-sandwich.jpg,0,6,0%,27.17
https://casaslsf.com/descubra-como-o-simulador-de-orcamentos-pode-te-ajudar-a-economizar-em-seus-projetos/,0,6,0%,33.5
https://casaslsf.com/blog/construcao-de-estrutura-de-aco,0,6,0%,46.83
https://casaslsf.com/empresas-estruturas-metalicas/,0,6,0%,58.83
https://casaslsf.com/isolamento-acustico-para-discotecas/#Como_Funciona_o_Isolamento_de_Som,0,5,0%,5.8
https://casaslsf.com/isolamento-acustico-para-discotecas/#Isolamento_Acustico_VS_Absorcao_Sonora,0,5,0%,5.8
https://casaslsf.com/isolamento-acustico-para-discotecas/#Isolamento_de_Paredes,0,5,0%,5.8
https://casaslsf.com/blog/plastbau-coberturas-a-melhor-solucao-para-a-construcao,0,5,0%,6.4
https://casaslsf.com/wp-content/uploads/2020/02/Apresentacao-LSF-3d.pdf,0,5,0%,6.4
https://casaslsf.com/revestimentos-e-acabamentos-dicas-e-erros-em-construcoes-lsf/#Beneficios_dos_revestimentos_e_acabamentos_em_construcoes_em_LSF,0,5,0%,7.4
https://casaslsf.com/placa-isolpro-40mm,0,5,0%,7.6
https://casaslsf.com/loja/page/2/?add-to-cart=2934&product_orderby=price&product_view=list&product_order=desc&product_count=24&paged=1,0,5,0%,9.6
https://casaslsf.com/wp-content/uploads/2023/01/estruturas-metalicas-para-telhados-1-scaled.webp,0,5,0%,9.6
https://casaslsf.com/wp-content/uploads/2020/05/piso2.jpeg,0,5,0%,14.6
https://casaslsf.com/news/page/14/,0,4,0%,4
https://casaslsf.com/landscape/,0,4,0%,4.25
https://casaslsf.com/blog/descubra-como-solicitar-o-apoio-de-ate-720-euros-para-o-credito-a-habitacao,0,4,0%,4.5
https://casaslsf.com/wp-content/uploads/2020/05/Moradia-familiar-lsf.png,0,4,0%,4.75
https://casaslsf.com/por-causa-das-chuvas-a-casa-ficou-inundada-precos-low-cost-2023/,0,4,0%,6
https://casaslsf.com/plastbau-coberturas-a-melhor-solucao-para-a-construcao/,0,4,0%,7
https://casaslsf.com/wp-content/uploads/2020/05/Casa-1-D.png,0,4,0%,7
https://casaslsf.com/qual-e-o-melhor-metodo-construtivo-de-2023/,0,4,0%,7.75
https://casaslsf.com/construcao-em-icf-portugal/#Quanto_Tempo_Demora_a_Construir_uma_Moradia_em_ICF,0,4,0%,8.25
https://casaslsf.com/revestimentos-e-acabamentos-dicas-e-erros-em-construcoes-lsf/#Erros_comuns_em_revestimentos_e_acabamentos,0,4,0%,8.25
https://casaslsf.com/revestimentos-e-acabamentos-dicas-e-erros-em-construcoes-lsf/#Opcoes_de_acabamentos,0,4,0%,8.25
https://casaslsf.com/revestimentos-e-acabamentos-dicas-e-erros-em-construcoes-lsf/#Preparacao_adequada_para_revestimentos_e_acabamentos,0,4,0%,8.25
https://casaslsf.com/blog/governo-aprova-pacote-mais-habitacao-o-que-muda-para-o-setor-imobiliario,0,4,0%,8.5
https://casaslsf.com/construir-moradia/#O_Que_Saber_Antes_de_Comprar_ou_Construir_Casa_em_Portugal,0,4,0%,8.75
https://casaslsf.com/construir-moradia/#Procedimentos_Para_Construir_Uma_Moradia,0,4,0%,8.75
https://casaslsf.com/que-tipos-de-obras-precisam-de-licenca-oque-ninguem-te-conta/#O_que_e_o_licenciamento_de_uma_obra,0,4,0%,10.5
https://casaslsf.com/que-tipos-de-obras-precisam-de-licenca-oque-ninguem-te-conta/#Onde_posso_solicitar_uma_licenca_de_construcao,0,4,0%,10.5
https://casaslsf.com/que-tipos-de-obras-precisam-de-licenca-oque-ninguem-te-conta/#licenciamentos_e_alvaras_de_obras,0,4,0%,10.5
https://casaslsf.com/wp-content/uploads/2023/01/Casas-pre-fabricadas-para-turismo-scaled.webp,0,4,0%,14.75
https://casaslsf.com/wp-content/uploads/2023/04/empresa-de-construcao-em-LSF-scaled.jpg,0,4,0%,17.5
https://casaslsf.com/blog/conheca-as-coberturas-plastbau-e-tenha-uma-construcao-sustentavel,0,4,0%,18.25
https://casaslsf.com/engineering/,0,4,0%,19
https://casaslsf.com/page/9/?m=cp&a=blk,0,4,0%,20.75
https://casaslsf.com/wp-content/uploads/2020/05/T3-em-LSF-Chave-na-Mão-100M2.png,0,4,0%,21
https://casaslsf.com/services/,0,4,0%,21.25
https://casaslsf.com/wp-content/uploads/2023/04/Flaviano_Souza_Casa_com_vidro_em_estilo_contemporneo_88e72e3c-5d85-405e-9fbd-1b39e7dad369.png,0,4,0%,22.5
https://casaslsf.com/blog/casas-modulares-a-solucao-moderna-para-construcao-de-moradias,0,4,0%,24.25
https://casaslsf.com/blog/casa-passiva-construcao-do-futuro,0,4,0%,24.75
https://casaslsf.com/wp-content/uploads/2023/04/Flaviano_Souza_Esta_casa_com_jardim_vertical__um_exemplo_de_fac_af277d92-825b-4516-88d0-31da683f43de.png,0,4,0%,30.75
https://casaslsf.com/blog?pagina=19,0,4,0%,57
https://casaslsf.com/blog/descubra-como-a-industrializacao-e-o-off-site-podem-revolucionar-o-seu-negocio,0,3,0%,1
https://casaslsf.com/blog/micro-loft-a-venda-em-portugal,0,3,0%,5.33
https://casaslsf.com/blog/como-o-governo-esta-simplificando-o-licenciamento-municipal,0,3,0%,6.33
https://casaslsf.com/wp-content/uploads/2020/06/Casas-aco-leve-precos-chave-na-mao.png,0,3,0%,7.33
https://casaslsf.com/blog/sistema-knauf-oversize-o-que-e-e-como-funciona,0,3,0%,8
https://casaslsf.com/blog/qual-e-o-melhor-metodo-construtivo-de-2023,0,3,0%,9.33
https://casaslsf.com/blog/turiscampo-camping-bungalow-park,0,3,0%,9.33
https://casaslsf.com/wp-content/uploads/2015/02/CASA-EM-AÇO-LEVE-T3-PREÇO-M2.jpeg,0,3,0%,9.33
https://casaslsf.com/revestimentos-e-acabamentos-dicas-e-erros-em-construcoes-lsf/#Tipos_comuns_de_revestimentos,0,3,0%,9.67
https://casaslsf.com/wp-content/uploads/2023/01/Alojamento-local-em-aco-leve-1-scaled.webp,0,3,0%,11
https://casaslsf.com/processo-de-urbanizacao-de-terreno-rustico-etapas-e-custos-envolvidos/#O_processo_de_urbanizacao,0,3,0%,11.33
https://casaslsf.com/processo-de-urbanizacao-de-terreno-rustico-etapas-e-custos-envolvidos/#O_que_e_um_terreno_rustico,0,3,0%,11.33
https://casaslsf.com/wp-content/uploads/2020/05/Moradia-Familiar-T3-chave-na-mão-100M2-500x383.png,0,3,0%,13.67
https://casaslsf.com/wp-content/uploads/2023/01/Quanto-custa-um-telhado-de-100m2-scaled.webp,0,3,0%,14.33
https://casaslsf.com/construcao-off-site-lisboa/,0,3,0%,15
https://casaslsf.com/wp-content/uploads/2022/11/Imagen10.png,0,3,0%,15.33
https://casaslsf.com/portfolio/modelo-175-m²/,0,3,0%,16.33
https://casaslsf.com/news/page/19/,0,3,0%,17
https://casaslsf.com/wp-content/uploads/2023/03/cave-em-icf-scaled.webp,0,3,0%,17
https://casaslsf.com/blog/placa-isolpro-40mm?product_count=24,0,3,0%,18.33
https://casaslsf.com/news/page/15/,0,3,0%,19.33
https://casaslsf.com/wp-content/uploads/2022/12/image00028.png,0,3,0%,21
https://casaslsf.com/web-stories/estruturas-metalicas/,0,3,0%,22
https://casaslsf.com/wp-content/uploads/2020/06/Empresas-de-construção-chave-na-mão-LISBOA.png,0,3,0%,22.33
https://casaslsf.com/blog/vale-a-pena-vender-um-apartamento-para-construir-uma-casa-em-lsf-em-2023,0,3,0%,28.67
https://casaslsf.com/blog/construcao-off-site-lisboa,0,3,0%,29.33
https://casaslsf.com/wp-content/uploads/2023/05/Flaviano_Souza_Casa_modular_modelo_estilo_cabana_em_uma_clareir_9b2facb3-f170-462c-a0ce-9556da229b8d.png,0,3,0%,30
https://casaslsf.com/blog?pagina=7,0,3,0%,71.33
https://casaslsf.com/construa-seu-sonho-como-pedir-credito-para-comprar-terreno-e-construir-a-casa-dos-seus-sonhos/,0,3,0%,76.67
https://casaslsf.com/news/page/36/?ca=2,0,2,0%,2
https://casaslsf.com/elementor-landing-page-4768/,0,2,0%,4.5
https://casaslsf.com/page/22/?m=cp&a=blk,0,2,0%,4.5
https://casaslsf.com/programa-mais-habitacao-como-pedir/#Beneficios_do_programa_de_apoio_ao_credito_a_habitacao_em_Portugal,0,2,0%,5
https://casaslsf.com/programa-mais-habitacao-como-pedir/#Como_funciona_o_programa_de_apoio_ao_credito_a_habitacao_em_Portugal,0,2,0%,5
https://casaslsf.com/casa-passiva-construcao-do-futuro/,0,2,0%,5.5
https://casaslsf.com/o-spread-para-casas-modulares-e-pre-fabricadas/,0,2,0%,6
https://casaslsf.com/wp-content/uploads/2019/01/steel-frame-cobertura.001.jpg,0,2,0%,6
https://casaslsf.com/loja/page/2/?add-to-cart=3409&product_orderby=price&product_view=list&product_order=desc&product_count=12&paged=1,0,2,0%,6.5
https://casaslsf.com/blog/construcao-de-casas-dicas-e-etapas-para-uma-obra-de-sucesso,0,2,0%,7
https://casaslsf.com/loja/page/2/?add-to-cart=2766&product_orderby=rating&product_count=12&paged=1,0,2,0%,7.5
https://casaslsf.com/tudo-que-precisa-saber-sobre-teto-falso-em-pvc/#Como_cuidar_do_seu_teto_falso_em_PVC,0,2,0%,7.5
https://casaslsf.com/tudo-que-precisa-saber-sobre-teto-falso-em-pvc/#Como_instalar_um_teto_falso_em_PVC,0,2,0%,7.5
https://casaslsf.com/tudo-que-precisa-saber-sobre-teto-falso-em-pvc/#O_que_e_um_teto_falso_em_PVC,0,2,0%,7.5
https://casaslsf.com/tudo-que-precisa-saber-sobre-teto-falso-em-pvc/#Quais_sao_os_beneficios_de_um_teto_falso_em_PVC,0,2,0%,7.5
https://casaslsf.com/documentos-necessarios-para-pedir-credito-habitacao/,0,2,0%,8
https://casaslsf.com/orcamento-de-pintura-como-obter-o-melhor-preco-e-servico/,0,2,0%,8
https://casaslsf.com/wp-content/uploads/2023/01/Construir-casas-ate-100-mil-1-scaled.webp,0,2,0%,8
https://casaslsf.com/tudo-que-precisa-saber-sobre-teto-falso-em-pvc,0,2,0%,8.5
https://casaslsf.com/news/page/26/,0,2,0%,9
https://casaslsf.com/wp-content/uploads/2022/12/asna-de-cobertura-1-1.jpg,0,2,0%,9
https://casaslsf.com/wp-content/uploads/2015/02/projeto-casa-modular-175m2-4D.jpg,0,2,0%,9.5
https://casaslsf.com/loja/page/2/?add-to-cart=2876&product_orderby=rating&product_view=list&product_order=asc&product_count=12&paged=1,0,2,0%,10
https://casaslsf.com/placa-mgo-lsf/#A_Placa_MGO_e_Resistente_ao_Fogo,0,2,0%,10
https://casaslsf.com/placa-mgo-lsf/#Alta_resistencia_a_tracao_e_ao_impacto,0,2,0%,10
https://casaslsf.com/placa-mgo-lsf/#Resistente_a_umidade_agua,0,2,0%,10
https://casaslsf.com/_next/image?url=https://media.casaslsf.com/blog/construcao-lsf/diferenca-entre-moradia-geminada-e-em-banda.webp&w=3840&q=75,0,2,0%,11
https://casaslsf.com/como-desentupir-a-lava-loucas-dicas-simples-e-eficazes/#Como_desentupir_uma_lava-loucas,0,2,0%,11
https://casaslsf.com/como-desentupir-a-lava-loucas-dicas-simples-e-eficazes/#Entendendo_o_problema,0,2,0%,11
https://casaslsf.com/como-desentupir-a-lava-loucas-dicas-simples-e-eficazes/#Prevenindo_futuros_entupimentos,0,2,0%,11
https://casaslsf.com/renovacao-de-licenca-de-habitacao/,0,2,0%,11
https://casaslsf.com/wp-content/uploads/2015/02/projeto-casa-modular-100m2-3quarto.jpg,0,2,0%,11
https://casaslsf.com/contrato-coletivo-de-trabalho-construcao-civil/#O_que_e_o_CCT_na_construcao_civil,0,2,0%,12
https://casaslsf.com/contrato-coletivo-de-trabalho-construcao-civil/#O_que_esta_incluido_no_CCT_da_construcao_civil,0,2,0%,12
https://casaslsf.com/wp-content/uploads/2020/05/Moradia-Familiar-T2-em-Aço-Leve-Chave-na-Mão-70M2-1.png,0,2,0%,16
https://casaslsf.com/wp-content/uploads/2015/02/CASA-EM-LSF-T3-COM-170M2.jpeg,0,2,0%,16.5
https://casaslsf.com/wp-content/uploads/2023/01/tecto-falso-scaled.jpeg,0,2,0%,16.5
https://casaslsf.com/wp-content/uploads/2023/04/Flaviano_Souza_Casa_com_vidro_em_estilo_contemporneo_094b6aa1-d823-440d-b442-1355ce702920.png,0,2,0%,16.5
https://casaslsf.com/wp-content/uploads/2019/01/steel-frame-isolacao-sonora-comparativo.jpg,0,2,0%,18
https://casaslsf.com/wp-content/uploads/2023/04/casas-contentor.png,0,2,0%,21
https://casaslsf.com/wp-content/uploads/2023/03/Paredes-em-ICF-OBRANET-scaled.jpg,0,2,0%,23.5
https://casaslsf.com/construcao-de-casas-passo-a-passo/,0,2,0%,25.5
https://casaslsf.com/wp-content/uploads/2019/01/casas-lsf-1024x555.jpg,0,2,0%,26.5
https://casaslsf.com/wp-content/uploads/2019/01/casa-steel.png,0,2,0%,29
https://casaslsf.com/loja/page/3/?product_orderby=popularity&product_view=list&product_count=12&add-to-cart=3193&product_order=desc&paged=1,0,2,0%,38
https://casaslsf.com/blog/habitacao-pronta-lsf?utm_medium=social&utm_source=pinterest.board&utm_campaign=simplified&utm_content=simplified256dc,0,2,0%,42.5
https://casaslsf.com/como-pedir-credito-habitacao-guia-completo-para-comprar-casa/,0,2,0%,65
https://casaslsf.com/blog?pagina=2&categoria=remodelacao,0,2,0%,75.5
https://casaslsf.com/blog?categoria=acabamentos,0,2,0%,123
https://casaslsf.com/blog/o-guia-completo-para-o-design-de-casas-descubra-o-seu-estilo,0,1,0%,1
https://casaslsf.com/blog?pagina=1,0,1,0%,1
https://casaslsf.com/loja/page/2/?product_orderby=price&product_count=12&product_view=list&add-to-cart=2876&product_order=desc&paged=1,0,1,0%,2
https://casaslsf.com/projeto-de-casas-modulares-em-aco-leve/,0,1,0%,2
https://casaslsf.com/news/page/35/,0,1,0%,3
https://casaslsf.com/teste/,0,1,0%,3
https://casaslsf.com/construcao-com-icf/,0,1,0%,4
https://casaslsf.com/loja/page/3/,0,1,0%,4
https://casaslsf.com/blog/5-maneiras-de-otimizar-o-valor-do-metro-quadrado-de-construcao-em-2023,0,1,0%,5
https://casaslsf.com/loja/page/2/?add-to-cart=3621&product_view=list&product_count=24&paged=1,0,1,0%,5
https://casaslsf.com/problemas-mais-comuns-em-tintas-e-pinturas/,0,1,0%,5
https://casaslsf.com/blog/preco-das-casas-em-portugal-com-queda-ate-44-em-2023,0,1,0%,6
https://casaslsf.com/wp-content/uploads/2020/05/Moradia-familiar-t4-em-aco-leve.png,0,1,0%,6
https://casaslsf.com/?p=2828&preview=true,0,1,0%,7
https://casaslsf.com/descubra-como-e-possivel-obter-credito-habitacao-para-casas-modulares-ou-pre-fabricadas/#Como_obter_credito_habitacao_para_casas_modulares_e_pre-fabricadas,0,1,0%,7
https://casaslsf.com/descubra-como-e-possivel-obter-credito-habitacao-para-casas-modulares-ou-pre-fabricadas/#O_que_sao_casas_modulares_e_pre-fabricadas,0,1,0%,7
https://casaslsf.com/news/page/31/,0,1,0%,7
https://casaslsf.com/page/21/?m=cp&a=blk,0,1,0%,7
https://casaslsf.com/page/8/?m=cp&a=blk,0,1,0%,7
https://casaslsf.com/wp-content/uploads/2020/04/casas-pré-fabricadas-1-800x580.jpg,0,1,0%,7
https://casaslsf.com/wp-content/uploads/2023/01/casas-pre-fabricadas-com-garagem-moderna-scaled.webp,0,1,0%,7
https://casaslsf.com/wp-content/uploads/2023/04/Flaviano_Souza_Fachadas_de_casas_com_varanda_fotografia_realist_dbf19fce-2550-487f-8fc0-e37792261567.png,0,1,0%,8
https://casaslsf.com/conheca-as-coberturas-plastbau-e-tenha-uma-construcao-sustentavel/,0,1,0%,9
https://casaslsf.com/wp-content/uploads/2022/12/Construcao-em-aco-leve-2-2.jpg,0,1,0%,9
https://casaslsf.com/reformar-casas-devolutas-o-que-precisa-saber/#Beneficios_da_recuperacao_de_casas_devolutas,0,1,0%,10
https://casaslsf.com/reformar-casas-devolutas-o-que-precisa-saber/#Metodos_de_recuperacao_de_casas_devolutas,0,1,0%,10
https://casaslsf.com/reformar-casas-devolutas-o-que-precisa-saber/#Planeamento_da_recuperacao_de_casas_devolutas,0,1,0%,10
https://casaslsf.com/reformar-casas-devolutas-o-que-precisa-saber/#Procedimentos_legais,0,1,0%,10
https://casaslsf.com/reformar-casas-devolutas-o-que-precisa-saber/#Reutilizacao_e_aproveitamento_de_materiais,0,1,0%,10
https://casaslsf.com/reformar-casas-devolutas-o-que-precisa-saber/#Seguranca_e_manutencao,0,1,0%,10
https://casaslsf.com/reformar-casas-devolutas-o-que-precisa-saber/#Selecao_de_profissionais,0,1,0%,10
https://casaslsf.com/wp-content/uploads/2019/01/steel-frame-laje-seca-cobertura.jpg,0,1,0%,10
https://casaslsf.com/wp-content/uploads/2023/01/telhado-4-aguas-6-1-scaled.webp,0,1,0%,10
https://casaslsf.com/loja/page/2/?add-to-cart=3262&product_orderby=name&product_view=list&product_count=12&paged=1,0,1,0%,11
https://casaslsf.com/loja/page/2/?product_orderby=date&product_count=24&product_view=list&add-to-cart=2752&paged=1,0,1,0%,11
https://casaslsf.com/pequenas-reparacoes-construcao-civil/#Pequenas_obras_residenciais,0,1,0%,11
https://casaslsf.com/project-management/,0,1,0%,11
https://casaslsf.com/simulador-de-custo-de-construcao-de-casas-gratis-em-portugal/#Consideracoes_finais,0,1,0%,11
https://casaslsf.com/simulador-de-custo-de-construcao-de-casas-gratis-em-portugal/#Entendendo_os_simuladores_de_custo_de_construcao,0,1,0%,11
https://casaslsf.com/simulador-de-custo-de-construcao-de-casas-gratis-em-portugal/#Simuladores_de_custo_de_construcao_gratuitos_em_Portugal,0,1,0%,11
https://casaslsf.com/wp-content/uploads/2019/01/steel-frame-parede-externa-anatomia1.jpg,0,1,0%,11
https://casaslsf.com/wp-content/uploads/2023/01/pavilhoes-pre-fabricados-lisboa.jpg,0,1,0%,11
https://casaslsf.com/wp-content/uploads/2023/04/Flaviano_Souza_Fachadas_de_casas_com_varanda_fotografia_realist_cc3c4c8c-f624-4959-8054-2be8de8febc1.png,0,1,0%,11
https://casaslsf.com/wp-content/uploads/2020/06/Casas-pre-fabricadas-em-lsf.png,0,1,0%,12
https://casaslsf.com/wp-content/uploads/2022/11/Casas-pre-fabricadas-T3-precos-1.png,0,1,0%,12
https://casaslsf.com/wp-content/uploads/2023/01/estruturas-metalicas-para-telhados-1-scaled-500x383.webp,0,1,0%,12
https://casaslsf.com/wp-content/uploads/2023/04/Demolicao-de-Casas-Antigas.png,0,1,0%,12
https://casaslsf.com/wp-content/uploads/2020/06/Empresas-construcao-LSF.png,0,1,0%,13
https://casaslsf.com/wp-content/uploads/2022/12/Reconstrucao-de-casas-antigas-precos.png,0,1,0%,13
https://casaslsf.com/wp-content/uploads/2020/06/Casas-aço-leve-preços-chave-na-mão.png,0,1,0%,14
https://casaslsf.com/wp-content/uploads/2020/06/Moradia-T3-Lisboa-com170M2-500x383.png,0,1,0%,15
https://casaslsf.com/wp-content/uploads/2023/04/Flaviano_Souza_Fachadas_de_casas_com_varanda_fotografia_realist_89427e29-8c61-431c-a7d2-a4da03457310.png,0,1,0%,15
https://casaslsf.com/_next/image?url=https://media.casaslsf.com/blog/acabamentos/empresas-de-aplicacao-de-pladur.webp&w=3840&q=75,0,1,0%,16
https://casaslsf.com/wp-content/uploads/2020/05/Moradia-Familiar-T2-em-lsf-Chave-na-Mão-70M2.png,0,1,0%,16
https://casaslsf.com/wp-content/uploads/2020/05/projeto.jpeg,0,1,0%,16
https://casaslsf.com/wp-content/uploads/2022/12/casas-em-estrutura-metalica-preco-5.jpg,0,1,0%,16
https://casaslsf.com/loja/page/2/?add-to-cart=3177&product_orderby=price&product_view=list&product_order=asc&product_count=12&paged=1,0,1,0%,17
https://casaslsf.com/wp-content/uploads/2023/01/kit-garagem-pre-fabricada-6-scaled.webp,0,1,0%,17
https://casaslsf.com/wp-content/uploads/2023/01/plantas-de-casas-t2-terreas-3-scaled.webp,0,1,0%,17
https://casaslsf.com/wp-content/uploads/2023/05/Flaviano_Souza_casa_para_duas_famlias_ou_quer_uma_casa_com_espa_dc1adf9b-32ca-45ff-801e-70925f44beca-500x383.png,0,1,0%,17
https://casaslsf.com/wp-content/uploads/2020/05/Moradia-Familiar-T3-chave-na-mão-100M2.png,0,1,0%,18
https://casaslsf.com/wp-content/uploads/2020/06/Casas-modulares-precos-t4.png,0,1,0%,18
https://casaslsf.com/wp-content/uploads/2022/12/Black-and-White-Modern-Minimalist-Architecture-Presentation-600x338.jpg,0,1,0%,18
https://casaslsf.com/wp-content/uploads/2023/05/Imagen3-1024x576.png,0,1,0%,19
https://casaslsf.com/_next/image?url=https://media.casaslsf.com/blog/dicas-construcao/placa-isolpro-40mm.webp&w=3840&q=75,0,1,0%,20
https://casaslsf.com/wp-content/uploads/2023/04/casas-em-estrutura-metalica-em-LSF-2.jpeg,0,1,0%,20
https://casaslsf.com/_next/image?url=https://media.casaslsf.com/blog/precos-construcao/pavimento-pave-preco-por-m2-em-portugal-como-encontrar-a-melhor-oferta.webp&w=3840&q=75,0,1,0%,22
https://casaslsf.com/wp-content/uploads/2023/01/pavilhoes-pre-fabricados-em-aco-leve-scaled.jpg,0,1,0%,23
https://casaslsf.com/wp-content/uploads/2022/12/pavilhao-modular-precos-lisboa.jpg,0,1,0%,24
https://casaslsf.com/wp-content/uploads/2023/05/Flaviano_Souza_casa_de_praia_um_modelo_estilo_cabana_de_praia_p_4d4be9d6-9c8f-48f3-9211-f17fd614ec85-1.png,0,1,0%,24
https://casaslsf.com/wp-content/uploads/2020/06/Moradia-T3-Lisboa-com120M2-1.png,0,1,0%,25
https://casaslsf.com/wp-content/uploads/2022/12/Isolamentos-termicos-e-acustico.jpg,0,1,0%,26
https://casaslsf.com/wp-content/uploads/2023/01/pavilhoes-pre-fabricados-portugal-2-1.jpg,0,1,0%,26
https://casaslsf.com/wp-content/uploads/2023/01/quanto-custa-construir-uma-moradia-t3-terrea-1-1-scaled-500x383.webp,0,1,0%,26
https://casaslsf.com/web-stories/estruturas-metalicas-confira-o-portefolio/,0,1,0%,27
https://casaslsf.com/wp-content/uploads/2015/02/projeto-casa-modular36.jpg,0,1,0%,27
https://casaslsf.com/wp-content/uploads/2023/01/bungalows-portugal.webp,0,1,0%,27
https://casaslsf.com/wp-content/uploads/2023/03/parede-icf-lisboa-scaled.webp,0,1,0%,27
https://casaslsf.com/_next/image?url=https://media.casaslsf.com/blog/casas-modulares/casas-pre-fabricadas-precos-tudo-o-que-voce-precisa-saber.webp&w=3840&q=75,0,1,0%,28
https://casaslsf.com/wp-content/uploads/2023/01/Construir-moradia-preco-m2-low-cost-2-scaled.webp,0,1,0%,29
https://casaslsf.com/wp-content/uploads/2023/01/icf-portugal.jpg,0,1,0%,29
https://casaslsf.com/wp-content/uploads/2015/02/casa-lsf-modular-175-delantera.jpg,0,1,0%,30
https://casaslsf.com/wp-content/uploads/2019/01/steel-frame-estapas-simultneas.jpg,0,1,0%,30
https://casaslsf.com/wp-content/uploads/2023/01/casa-pronta-garagem-pre-fabricada-scaled.webp,0,1,0%,30
https://casaslsf.com/wp-content/uploads/2023/05/Imagen3.png,0,1,0%,30
https://casaslsf.com/wp-content/uploads/2022/12/Casas-Modulares-ate-50000-euros.jpg,0,1,0%,33
https://casaslsf.com/_next/image?url=https://media.casaslsf.com/blog/construcao-lsf/estrutura-metalica.webp&w=3840&q=75,0,1,0%,36
https://casaslsf.com/_next/image?url=https://media.casaslsf.com/blog/construcao-lsf/construcao-em-aco-leve-a-solucao-inovadora-para-a-sua-obra.webp&w=3840&q=75,0,1,0%,57
https://casaslsf.com/interior-design/,0,1,0%,60
https://casaslsf.com/blog/como-as-taxas-de-juros-afetam-suas-financas-pessoais-voce-precisa-saber,0,1,0%,62
https://casaslsf.com/web-stories/terraplanagem/,0,1,0%,66
https://casaslsf.com/wp-content/uploads/2022/12/Remodelacao-casa-de-banho-com-micro-cimento.jpg,0,1,0%,72
https://casaslsf.com/blog/licenca-alojamento-local?add-to-cart=3193,0,1,0%,96